{
	"class_name" : "PinholeCameraParameters",
	"extrinsic" : 
	[
		-0.63041280588699511,
		-0.6748816941396284,
		0.38355494142157914,
		0.0,
		-0.77608028468632806,
		0.5373212810061313,
		-0.33012911519452226,
		0.0,
		0.016705864086421163,
		-0.50578704994607682,
		-0.86249659373934395,
		0.0,
		-7.2647764856975696,
		-24.140189133970075,
		45.706637512858173,
		1.0
	],
	"intrinsic" : 
	{
		"height" : 1080,
		"intrinsic_matrix" : 
		[
			935.30743608719376,
			0.0,
			0.0,
			0.0,
			935.30743608719376,
			0.0,
			502.5,
			539.5,
			1.0
		],
		"width" : 1006
	},
	"version_major" : 1,
	"version_minor" : 0
}