{
	"class_name" : "PinholeCameraParameters",
	"extrinsic" : 
	[
		0.22493041384229498,
		0.42186837551627887,
		-0.87831280456793415,
		0.0,
		0.96677954718831549,
		0.015703421657142589,
		0.25512880998941229,
		0.0,
		0.12142329293463247,
		-0.90652108430389744,
		-0.40432153992261721,
		0.0,
		6.0334787882747687,
		-21.616834765532012,
		55.989489538452567,
		1.0
	],
	"intrinsic" : 
	{
		"height" : 1080,
		"intrinsic_matrix" : 
		[
			935.30743608719376,
			0.0,
			0.0,
			0.0,
			935.30743608719376,
			0.0,
			502.5,
			539.5,
			1.0
		],
		"width" : 1006
	},
	"version_major" : 1,
	"version_minor" : 0
}