{
	"class_name" : "PinholeCameraParameters",
	"extrinsic" : 
	[
		-0.74138267998576468,
		-0.5255067009377935,
		-0.41736606125390929,
		0.0,
		-0.25878167564262133,
		0.79770190888217507,
		-0.54470515778477013,
		0.0,
		0.61917991421615304,
		-0.2958282809928941,
		-0.72739388366693514,
		0.0,
		9.0198544234106031,
		-16.069434719139711,
		39.471994245886094,
		1.0
	],
	"intrinsic" : 
	{
		"height" : 1080,
		"intrinsic_matrix" : 
		[
			935.30743608719376,
			0.0,
			0.0,
			0.0,
			935.30743608719376,
			0.0,
			502.5,
			539.5,
			1.0
		],
		"width" : 1006
	},
	"version_major" : 1,
	"version_minor" : 0
}