{"vertices": [[388.7958068847656, 258.57342529296875], [120.86592864990234, 238.52305603027344], [358.6736755371094, 353.3553466796875], [380.0413513183594, 315.0013122558594], [113.89326477050781, 190.6495819091797], [428.00030517578125, 197.16932678222656], [83.02143096923828, 264.0077209472656], [92.0046157836914, 311.0303649902344], [189.02769470214844, 149.16453552246094], [352.01934814453125, 405.96630859375], [411.0072937011719, 293.693115234375], [229.0282745361328, 197.230712890625], [308.23248291015625, 194.2794189453125], [241.19778442382812, 206.41403198242188], [297.6408386230469, 206.2942657470703]], "vertices-score": [0.8084812164306641, 0.792668342590332, 0.7884921431541443, 0.6652880907058716, 0.5189168453216553, 0.3751584589481354, 0.3355763256549835, 0.24862706661224365, 0.22762562334537506, 0.14907698333263397, 0.08209476619958878, 0.026974786072969437, 0.02059447392821312, 0.008499439805746078, 0.008246968500316143], "edges": [[2, 3], [0, 5], [1, 3], [2, 6], [1, 4], [4, 8], [1, 6], [6, 7], [0, 3], [0, 4], [5, 10], [12, 14], [7, 9], [11, 13], [9, 10], [2, 9], [13, 14], [5, 14], [3, 10], [4, 13], [1, 7], [4, 6], [2, 4], [0, 10], [7, 10], [0, 13], [6, 11], [3, 9], [3, 6], [2, 10], [0, 1], [12, 13]], "edges-weights": [0.9329330921173096, 0.885762095451355, 0.8617584705352783, 0.6359996795654297, 0.6033790111541748, 0.5011096000671387, 0.44997715950012207, 0.4315246343612671, 0.41819557547569275, 0.3557179272174835, 0.35296350717544556, 0.26051637530326843, 0.24681702256202698, 0.20726443827152252, 0.16130779683589935, 0.005511249415576458, 0.004790079314261675, 0.0007130131707526743, 0.0005337126785889268, 0.0004181986441835761, 0.00034949323162436485, 0.00020786246750503778, 0.00020749811665154994, 0.00012037040141876787, 0.00010786930215544999, 0.00010467196261743084, 7.531080336775631e-05, 7.035034650471061e-05, 5.5268548749154434e-05, 2.6737365260487422e-05, 1.4267654478317127e-05, 9.252313247998245e-06], "height": 512, "width": 512}