{"vertices": [[188.93800354003906, 241.9440155029297], [232.14144897460938, 178.63328552246094], [265.4614562988281, 184.87020874023438], [264.3599548339844, 122.08515167236328], [192.02940368652344, 172.01068115234375], [422.407958984375, 270.52410888671875], [408.0015869140625, 149.76812744140625], [140.00155639648438, 336.033447265625], [143.00228881835938, 289.62554931640625], [293.337158203125, 348.0200500488281], [322.08355712890625, 309.4580078125]], "vertices-score": [0.7293145656585693, 0.676090657711029, 0.5868989825248718, 0.4181421399116516, 0.31222614645957947, 0.2178892344236374, 0.14939990639686584, 0.14750346541404724, 0.0689145177602768, 0.0367714948952198, 0.009487783536314964], "edges": [[1, 2], [0, 7], [2, 3], [1, 3], [0, 4], [5, 6], [1, 4], [3, 6], [0, 5], [7, 8], [4, 8], [5, 9], [7, 9], [2, 4], [2, 6], [2, 10], [0, 1], [5, 10], [1, 6], [6, 9], [0, 8], [4, 7], [8, 9]], "edges-weights": [0.7787575125694275, 0.7784040570259094, 0.6184541583061218, 0.6181918382644653, 0.5582947134971619, 0.5514531135559082, 0.5510182976722717, 0.3776087164878845, 0.25432559847831726, 0.22391892969608307, 0.20471149682998657, 0.16527512669563293, 0.1330878734588623, 0.08753771334886551, 0.00396815687417984, 0.0011308242101222277, 0.0007753881509415805, 0.0007608523592352867, 0.00016350179794244468, 0.00016300227434840053, 8.649683877592906e-05, 8.460247772745788e-05, 9.624257472751196e-06], "height": 512, "width": 512}