{"vertices": [[360.40771484375, 308.0920104980469], [135.0004425048828, 234.62234497070312], [434.2660827636719, 206.04737854003906], [421.7735595703125, 313.3349609375], [92.07183074951172, 249.5832061767578], [322.3612365722656, 335.0051574707031], [365.51153564453125, 243.00460815429688], [130.99977111816406, 185.9401092529297], [98.15632629394531, 300.001220703125], [217.2515869140625, 165.14759826660156], [319.01055908203125, 399.0144348144531], [312.0276794433594, 197.2062225341797], [234.16473388671875, 196.12521362304688]], "vertices-score": [0.6986666321754456, 0.6809497475624084, 0.6162653565406799, 0.573842465877533, 0.5380154252052307, 0.5162965059280396, 0.44749924540519714, 0.35263171792030334, 0.2864747941493988, 0.1117490604519844, 0.07149359583854675, 0.040544893592596054, 0.025780104100704193], "edges": [[0, 5], [2, 6], [0, 1], [1, 7], [4, 5], [2, 3], [3, 10], [1, 4], [4, 8], [6, 7], [8, 10], [7, 9], [0, 6], [0, 3], [7, 12], [5, 10], [2, 11], [6, 11], [6, 12], [0, 2], [5, 6], [4, 7], [9, 11], [1, 6], [11, 12]], "edges-weights": [0.9215514063835144, 0.8901776671409607, 0.846800684928894, 0.8210722804069519, 0.7907410264015198, 0.7707411050796509, 0.686856746673584, 0.5729207396507263, 0.5619962215423584, 0.49290674924850464, 0.31641146540641785, 0.2979556918144226, 0.026404496282339096, 0.0048090610653162, 0.0035297188442200422, 0.003149288473650813, 0.0020943614654242992, 0.0009603872313164175, 0.0008332382421940565, 0.00012913523823954165, 9.098754526348785e-05, 8.424101542914286e-05, 2.9770984838251024e-05, 2.3617374608875252e-05, 8.950018127507064e-06], "height": 512, "width": 512}