{"vertices": [[397.6865234375, 245.54486083984375], [100.8860092163086, 312.1075439453125], [433.41973876953125, 312.0003967285156], [431.0032958984375, 251.00331115722656], [396.0006408691406, 182.55902099609375], [292.87896728515625, 152.78826904296875], [104.00521087646484, 208.00048828125]], "vertices-score": [0.8577738404273987, 0.3545585572719574, 0.23874275386333466, 0.20140030980110168, 0.18215835094451904, 0.13428734242916107, 0.09588972479104996], "edges": [[0, 4], [0, 3], [1, 6], [2, 3], [4, 5], [5, 6], [1, 2], [0, 2]], "edges-weights": [0.7922254800796509, 0.7719328999519348, 0.6800965666770935, 0.526346743106842, 0.5028535723686218, 0.3418932259082794, 0.2878199815750122, 0.000391486071748659], "height": 512, "width": 512}