{"vertices": [[204.0281982421875, 138.1556854248047], [136.8712921142578, 140.74513244628906], [125.7368392944336, 184.10047912597656], [208.71292114257812, 102.3088607788086], [375.0075988769531, 177.97283935546875], [356.5081787109375, 98.55142974853516], [176.00283813476562, 380.0395812988281], [342.99847412109375, 377.3210754394531]], "vertices-score": [0.6465920209884644, 0.4261823296546936, 0.33141040802001953, 0.29602545499801636, 0.2582736313343048, 0.24282564222812653, 0.0648067519068718, 0.04690030217170715], "edges": [[0, 1], [0, 3], [3, 5], [4, 5], [1, 2], [2, 6], [4, 7], [2, 4], [6, 7], [0, 2]], "edges-weights": [0.6408500671386719, 0.5721186995506287, 0.5524866580963135, 0.4566768407821655, 0.31844446063041687, 0.1721302568912506, 0.12420859187841415, 0.11396946758031845, 0.09116501361131668, 3.199492857675068e-05], "height": 512, "width": 512}