{"vertices": [[205.0369873046875, 304.77459716796875], [130.99826049804688, 304.9530029296875], [381.9310302734375, 233.02442932128906], [204.0056610107422, 232.59466552734375], [180.788330078125, 224.9825897216797], [224.92140197753906, 180.00624084472656], [373.1927490234375, 372.0030212402344], [135.00070190429688, 371.0092468261719], [245.6277618408203, 200.34799194335938], [322.72088623046875, 201.061767578125], [333.78759765625, 180.00045776367188]], "vertices-score": [0.9035707712173462, 0.6213529706001282, 0.5475212931632996, 0.313668817281723, 0.25845304131507874, 0.17291444540023804, 0.16696208715438843, 0.12845242023468018, 0.08117008954286575, 0.07020574063062668, 0.05928894877433777], "edges": [[0, 1], [0, 3], [2, 6], [2, 3], [1, 7], [3, 5], [1, 4], [2, 10], [5, 10], [3, 4], [6, 7], [3, 8], [2, 9], [2, 4], [5, 8], [9, 10], [1, 3], [8, 9], [0, 4], [0, 8], [0, 9]], "edges-weights": [0.9357138276100159, 0.9176060557365417, 0.8071657419204712, 0.7221906185150146, 0.6971051692962646, 0.49149587750434875, 0.48281216621398926, 0.3409744203090668, 0.21379272639751434, 0.2137109637260437, 0.11604097485542297, 0.06005910784006119, 0.011394857428967953, 0.010742067359387875, 0.005854488350450993, 0.001717627514153719, 0.0010074417805299163, 0.0006514016422443092, 0.0002688809181563556, 0.00010428788664285094, 8.614108082838356e-05], "height": 512, "width": 512}