{"vertices": [[277.09039306640625, 141.43783569335938], [248.90875244140625, 150.9993896484375], [278.6330871582031, 202.99835205078125], [212.25941467285156, 165.45477294921875], [394.06512451171875, 337.49591064453125], [216.0133819580078, 112.00782775878906], [76.00665283203125, 265.44482421875], [388.8419189453125, 292.1498107910156], [95.0177001953125, 160.0490264892578], [242.1999053955078, 366.0592956542969]], "vertices-score": [0.7499807476997375, 0.44888585805892944, 0.44141602516174316, 0.3268827199935913, 0.3146539628505707, 0.269603431224823, 0.13697601854801178, 0.12860003113746643, 0.11814827471971512, 0.029014354571700096], "edges": [[0, 2], [1, 3], [0, 1], [1, 5], [5, 8], [6, 8], [3, 5], [2, 4], [0, 7], [4, 7], [2, 6], [4, 9], [6, 9], [3, 8], [1, 2], [0, 5], [1, 8], [7, 9]], "edges-weights": [0.8448415398597717, 0.7472209334373474, 0.7281649112701416, 0.7045406103134155, 0.6564364433288574, 0.6091387271881104, 0.4392853379249573, 0.4278008043766022, 0.34545812010765076, 0.32125431299209595, 0.31970784068107605, 0.14513488113880157, 0.05062519386410713, 0.0066498578526079655, 0.005985726602375507, 0.0005780313513241708, 7.765494956402108e-05, 3.661184382508509e-05], "height": 512, "width": 512}