{"vertices": [[394.156982421875, 306.2061462402344], [429.2900695800781, 278.6263732910156], [297.105712890625, 332.8979797363281], [419.0081787109375, 322.26873779296875], [89.53306579589844, 188.06944274902344], [401.9870910644531, 261.6101989746094], [108.0021743774414, 277.0933837890625], [192.75845336914062, 147.01925659179688], [291.0102844238281, 430.8701171875], [189.6767578125, 221.23220825195312], [197.17398071289062, 233.40904235839844], [274.0383605957031, 213.5040283203125], [257.3980712890625, 201.28672790527344], [213.6186981201172, 241.6947784423828], [233.50106811523438, 197.07994079589844], [261.3240966796875, 237.1113739013672], [196.9256591796875, 209.09310913085938], [273.5562744140625, 225.9152069091797], [209.20530700683594, 201.91354370117188]], "vertices-score": [0.865925669670105, 0.6757521033287048, 0.5992234349250793, 0.4033152163028717, 0.273098349571228, 0.270840048789978, 0.24278755486011505, 0.1023399755358696, 0.06297077983617783, 0.0362432599067688, 0.02221795916557312, 0.022102879360318184, 0.015388205647468567, 0.015048692002892494, 0.013072649016976357, 0.011069112457334995, 0.011005633510649204, 0.010829209350049496, 0.009390199556946754], "edges": [[0, 1], [0, 5], [1, 3], [2, 5], [3, 8], [4, 6], [1, 5], [4, 7], [2, 4], [9, 10], [11, 12], [6, 8], [11, 17], [10, 13], [12, 14], [9, 16], [14, 18], [15, 17], [14, 16], [9, 18], [16, 18], [9, 13], [12, 18], [13, 15], [11, 14], [11, 15], [12, 17], [6, 18], [7, 9], [7, 18], [4, 13], [4, 9], [7, 10], [5, 17], [6, 9], [9, 14], [8, 9], [0, 8], [7, 16], [2, 8], [0, 2], [7, 12], [2, 6], [13, 14], [12, 15], [10, 11], [14, 15], [1, 2], [9, 11], [10, 12], [11, 13], [17, 18], [13, 18], [16, 17], [15, 18], [15, 16]], "edges-weights": [0.9073023200035095, 0.8022280335426331, 0.7330932021141052, 0.6845830082893372, 0.657263994216919, 0.505627453327179, 0.4472094178199768, 0.37682339549064636, 0.2929622232913971, 0.22717541456222534, 0.20088663697242737, 0.200579434633255, 0.1550343632698059, 0.15279369056224823, 0.14086297154426575, 0.13883168995380402, 0.12474160641431808, 0.10859304666519165, 0.09276941418647766, 0.08973564952611923, 0.06753557920455933, 0.03427600488066673, 0.020035520195961, 0.014053799211978912, 0.007620586082339287, 0.004353421274572611, 0.002301752334460616, 0.001718113198876381, 0.0017003112006932497, 0.0014107621973380446, 0.0013002309715375304, 0.001226867432706058, 0.0011772587895393372, 0.0011278979945927858, 0.001072150538675487, 0.0009192168363370001, 0.0007218190003186464, 0.0006741065881215036, 0.0005464126588776708, 0.00042157250572927296, 0.00037385779432952404, 0.00035633277730084956, 6.239595677470788e-05, 6.191295688040555e-05, 4.024020745418966e-05, 3.696191924973391e-05, 3.648747951956466e-05, 3.565319275367074e-05, 3.476870551821776e-05, 3.466302950982936e-05, 3.117211235803552e-05, 2.9855171305825934e-05, 2.5159735741908662e-05, 1.9375043848413043e-05, 1.910097307700198e-05, 1.6916961612878367e-05], "height": 512, "width": 512}