{"vertices": [[260.7362060546875, 360.8525695800781], [260.9781799316406, 306.7286376953125], [191.0151824951172, 194.51962280273438], [189.4320831298828, 376.22845458984375], [420.0049133300781, 276.00030517578125], [399.02166748046875, 375.0196228027344], [144.00054931640625, 201.99264526367188], [297.6309814453125, 137.4355010986328], [188.00062561035156, 152.0008087158203], [194.90338134765625, 424.0010986328125], [324.0898742675781, 202.16883850097656], [241.97900390625, 201.42562866210938], [244.93983459472656, 209.5644073486328], [253.69927978515625, 217.22845458984375], [265.5107116699219, 221.72422790527344], [305.6153259277344, 221.19056701660156], [317.03277587890625, 193.25296020507812]], "vertices-score": [0.7508320212364197, 0.6932331919670105, 0.4933323264122009, 0.47501039505004883, 0.15532274544239044, 0.14457979798316956, 0.14141321182250977, 0.11941220611333847, 0.08263012021780014, 0.04423082619905472, 0.029023386538028717, 0.024832047522068024, 0.02004218101501465, 0.014192139729857445, 0.011188420467078686, 0.009085368365049362, 0.008869083598256111], "edges": [[0, 3], [1, 4], [0, 2], [1, 8], [4, 5], [3, 6], [2, 6], [2, 8], [7, 8], [11, 13], [10, 16], [12, 13], [11, 12], [6, 9], [12, 14], [3, 9], [5, 9], [14, 15], [13, 14], [11, 14], [10, 15], [13, 15], [1, 10], [8, 13], [3, 11], [8, 11], [2, 14], [2, 3], [1, 14], [2, 12], [5, 15], [0, 8], [2, 13], [1, 2], [2, 9], [0, 9], [0, 13], [15, 16], [14, 16]], "edges-weights": [0.9104599356651306, 0.8750852346420288, 0.8432348966598511, 0.6578022837638855, 0.639004647731781, 0.4998106360435486, 0.4313305616378784, 0.3565787374973297, 0.26000529527664185, 0.2251625657081604, 0.21711276471614838, 0.1462899148464203, 0.1456097662448883, 0.1382179856300354, 0.13342756032943726, 0.12428422272205353, 0.1061706691980362, 0.04753436893224716, 0.03892386332154274, 0.03730107471346855, 0.022810639813542366, 0.004176955204457045, 0.0032403895165771246, 0.0013545816764235497, 0.0012034674873575568, 0.0009191704448312521, 0.0008763143559917808, 0.0006340813706628978, 0.0004736032278742641, 0.00042385931010358036, 0.00024298529024235904, 0.00023247150238603354, 0.00019316159887239337, 0.0001226418389705941, 0.00010907566320383921, 8.03959192126058e-05, 5.405612682807259e-05, 4.853351128986105e-05, 1.6561878510401584e-05], "height": 512, "width": 512}