{"vertices": [[88.9122543334961, 236.0358123779297], [434.9779968261719, 253.71168518066406], [422.8859558105469, 202.936767578125], [376.0010681152344, 353.0748596191406], [100.08663177490234, 184.0018768310547], [116.1503677368164, 343.0171813964844], [393.6707763671875, 197.4755859375], [120.61480712890625, 180.02752685546875], [216.8999786376953, 309.5029296875]], "vertices-score": [0.36844247579574585, 0.3578356206417084, 0.2769625186920166, 0.1295221447944641, 0.11119089275598526, 0.05725350230932236, 0.040031906217336655, 0.008955627679824829, 0.008323543705046177], "edges": [[1, 3], [0, 5], [1, 2], [0, 4], [2, 6], [0, 1], [4, 7], [2, 7], [6, 7], [4, 6], [2, 4], [0, 7], [3, 6]], "edges-weights": [0.5702300667762756, 0.5276304483413696, 0.478852242231369, 0.3935662508010864, 0.24738791584968567, 0.14138241112232208, 0.09989114105701447, 0.020604047924280167, 0.015528274700045586, 0.00815285462886095, 0.0013430971885100007, 0.00027537543792277575, 6.280308298300952e-05], "height": 512, "width": 512}