{"vertices": [[198.04727172851562, 188.0011749267578], [126.33821868896484, 189.7077178955078], [120.00811004638672, 257.0108642578125], [201.06753540039062, 127.01031494140625], [375.0154113769531, 252.0592498779297], [364.0016784667969, 122.77320098876953], [184.00880432128906, 344.3373718261719], [340.01513671875, 341.9966125488281]], "vertices-score": [0.4980439245700836, 0.467335969209671, 0.25161027908325195, 0.20527873933315277, 0.12610028684139252, 0.10836877673864365, 0.059610527008771896, 0.055861279368400574], "edges": [[0, 1], [0, 3], [4, 5], [2, 6], [1, 2], [2, 4], [3, 5], [4, 7], [6, 7]], "edges-weights": [0.677368700504303, 0.6065137386322021, 0.5824996829032898, 0.46261516213417053, 0.37808239459991455, 0.3026300370693207, 0.2990163266658783, 0.27502983808517456, 0.05846571922302246], "height": 512, "width": 512}