{"vertices": [[223.02175903320312, 169.86810302734375], [153.22882080078125, 165.78936767578125], [146.984130859375, 229.25088500976562], [228.0643310546875, 114.66720581054688], [162.49371337890625, 349.8650207519531], [399.012939453125, 242.19061279296875], [384.000244140625, 125.80868530273438], [321.29339599609375, 355.0002746582031]], "vertices-score": [0.427638441324234, 0.39169684052467346, 0.2802956998348236, 0.27936097979545593, 0.14861492812633514, 0.14141608774662018, 0.10012585669755936, 0.08590950071811676], "edges": [[0, 3], [0, 1], [5, 6], [5, 7], [2, 4], [3, 6], [1, 2], [2, 5], [4, 7], [0, 6], [6, 7]], "edges-weights": [0.8101844787597656, 0.6508004069328308, 0.5546770095825195, 0.38545793294906616, 0.3558467924594879, 0.32018202543258667, 0.2713838517665863, 0.23815447092056274, 0.12071381509304047, 0.0011631132801994681, 5.814203541376628e-05], "height": 512, "width": 512}