{"vertices": [[366.9779968261719, 205.8917999267578], [222.62522888183594, 400.96417236328125], [174.51426696777344, 361.3701171875], [410.9988708496094, 229.33212280273438], [374.3111877441406, 164.0111541748047], [69.1663818359375, 240.2106475830078], [168.001220703125, 317.24517822265625], [401.31414794921875, 268.0342712402344], [225.21775817871094, 437.1604309082031], [94.23973083496094, 323.0136413574219], [277.9717102050781, 120.00247192382812], [274.2269287109375, 201.5016632080078], [265.7825622558594, 214.5875244140625], [193.7831573486328, 197.2218780517578], [193.59475708007812, 205.59652709960938], [197.8716583251953, 213.1268310546875], [261.14776611328125, 182.25289916992188], [241.4224853515625, 225.17520141601562], [209.7785186767578, 221.5004119873047], [197.90798950195312, 190.03988647460938]], "vertices-score": [0.8069630265235901, 0.7655434608459473, 0.7177509069442749, 0.4310659170150757, 0.42154523730278015, 0.41841137409210205, 0.3813606798648834, 0.27537959814071655, 0.17983447015285492, 0.16671426594257355, 0.08564327657222748, 0.03503681346774101, 0.024674447253346443, 0.018343981355428696, 0.016955915838479996, 0.016857918351888657, 0.01492088008671999, 0.01250977162271738, 0.011772372759878635, 0.010536768473684788], "edges": [[1, 2], [5, 6], [0, 2], [1, 3], [0, 4], [3, 7], [5, 9], [0, 3], [7, 8], [4, 6], [4, 10], [11, 12], [11, 16], [13, 15], [14, 19], [14, 18], [15, 18], [8, 9], [14, 15], [13, 19], [13, 14], [17, 18], [12, 17], [15, 19], [5, 10], [2, 6], [15, 17], [10, 11], [11, 17], [4, 11], [6, 19], [6, 11], [10, 16], [2, 9], [5, 14], [1, 8], [3, 4], [5, 19], [1, 18], [4, 12], [2, 18], [10, 12], [0, 16], [6, 18], [3, 9], [12, 18], [8, 15], [6, 17], [3, 6], [0, 11], [7, 11], [2, 3], [6, 16], [2, 16], [12, 16], [7, 14], [0, 7], [11, 15], [16, 17], [15, 16], [16, 18], [1, 7], [14, 16]], "edges-weights": [0.9387673139572144, 0.8920095562934875, 0.8254330158233643, 0.7715509533882141, 0.7580669522285461, 0.6473706960678101, 0.6007043719291687, 0.5885037183761597, 0.5874131321907043, 0.5365865230560303, 0.3751000165939331, 0.26971983909606934, 0.1703711748123169, 0.16136834025382996, 0.158050537109375, 0.13627512753009796, 0.12745103240013123, 0.1263672411441803, 0.12269902974367142, 0.12184303253889084, 0.10838092863559723, 0.0895865261554718, 0.08286602050065994, 0.07405371963977814, 0.04816165938973427, 0.011540119536221027, 0.008834327571094036, 0.005765393376350403, 0.002454731147736311, 0.0022220597602427006, 0.0017161136493086815, 0.0013222729321569204, 0.0011334102600812912, 0.0009176089079119265, 0.0008662033942528069, 0.0007737273117527366, 0.000664271239656955, 0.0006441047298721969, 0.0005966813187114894, 0.0004651230410672724, 0.0004444718942977488, 0.00043559441110119224, 0.0004279829445295036, 0.00042771684820763767, 0.0003835774550680071, 0.000369577290257439, 0.0003687247808557004, 0.00032974695204757154, 0.00030161970062181354, 0.00020287917868699878, 0.00018940420704893768, 0.00018900007125921547, 0.00015945710765663534, 0.00013524039241019636, 9.904104081215337e-05, 9.884272003546357e-05, 7.056319009279832e-05, 3.089351230300963e-05, 2.958868208224885e-05, 1.7285394278587773e-05, 1.682281435932964e-05, 1.2493126632762142e-05, 7.246685527206864e-06], "height": 512, "width": 512}