{"vertices": [[337.89678955078125, 188.00411987304688], [333.7476501464844, 130.04554748535156], [162.9977569580078, 237.12547302246094], [404.0023193359375, 196.00230407714844], [412.0054931640625, 259.011962890625], [175.00465393066406, 109.63117980957031], [308.0705261230469, 350.6124572753906], [152.0003662109375, 341.868896484375]], "vertices-score": [0.6267523765563965, 0.4841630756855011, 0.40117424726486206, 0.3141891658306122, 0.2895205318927765, 0.07546894997358322, 0.07337482273578644, 0.05996043607592583], "edges": [[0, 1], [0, 3], [2, 5], [3, 4], [2, 7], [4, 6], [1, 5], [2, 4], [6, 7], [3, 6]], "edges-weights": [0.7995019555091858, 0.7934631705284119, 0.736923098564148, 0.6599028706550598, 0.5951364040374756, 0.5612440705299377, 0.3277893364429474, 0.2704760730266571, 0.09160760045051575, 8.935691585065797e-05], "height": 512, "width": 512}