{"vertices": [[228.0166015625, 292.7419738769531], [212.00057983398438, 233.34458923339844], [227.0079803466797, 218.2048797607422], [152.00482177734375, 295.0296936035156], [155.004638671875, 366.4897766113281], [165.65216064453125, 234.98944091796875], [211.0205535888672, 189.0633087158203], [320.0082702636719, 200.000244140625], [248.703125, 200.0], [392.9044494628906, 354.9913330078125], [398.9990234375, 215.00376892089844], [317.2734375, 186.8242950439453]], "vertices-score": [0.8211653232574463, 0.6752985715866089, 0.4244484603404999, 0.3449191749095917, 0.3194594979286194, 0.313214510679245, 0.2852654457092285, 0.26182419061660767, 0.2508798837661743, 0.13015879690647125, 0.07600034773349762, 0.008187554776668549], "edges": [[0, 1], [0, 3], [7, 8], [9, 10], [2, 10], [2, 6], [1, 5], [1, 6], [3, 5], [3, 4], [4, 9], [6, 11], [10, 11], [1, 2], [6, 8], [1, 3], [0, 5], [0, 6], [8, 11], [7, 10], [1, 10], [7, 11], [2, 5], [0, 4], [2, 7], [8, 10]], "edges-weights": [0.9555737972259521, 0.9004335403442383, 0.8781062960624695, 0.7387293577194214, 0.6785359978675842, 0.6428552865982056, 0.5469027161598206, 0.5042219758033752, 0.3259158730506897, 0.3122768700122833, 0.09984654188156128, 0.07118511945009232, 0.01847071945667267, 0.0031056602019816637, 0.0019433645065873861, 0.0006058346480131149, 0.000567003502510488, 0.0004211595805827528, 0.00033374520717188716, 0.00021006466704420745, 8.685912325745448e-05, 6.3128158217296e-05, 5.89692936046049e-05, 5.730906195822172e-05, 9.862235856417101e-06, 6.363245120155625e-06], "height": 512, "width": 512}