{"vertices": [[204.8632354736328, 77.0479736328125], [195.0120849609375, 151.01385498046875], [429.8519287109375, 312.7685852050781], [113.53961944580078, 206.08303833007812], [70.62892150878906, 282.1246643066406], [408.0011901855469, 233.60401916503906], [124.00211334228516, 169.19500732421875], [82.94649505615234, 240.82461547851562], [294.2027893066406, 392.0041198730469]], "vertices-score": [0.5173503756523132, 0.44689732789993286, 0.3358032703399658, 0.3226473331451416, 0.2791004776954651, 0.24079041182994843, 0.126731276512146, 0.0979626476764679, 0.034085337072610855], "edges": [[0, 1], [2, 5], [1, 4], [0, 6], [3, 7], [2, 8], [3, 6], [4, 7], [0, 5], [4, 8], [1, 2], [3, 4], [1, 6], [1, 3]], "edges-weights": [0.8418874740600586, 0.5962537527084351, 0.5328009724617004, 0.43900302052497864, 0.35628771781921387, 0.3135390877723694, 0.304656058549881, 0.2522558271884918, 0.1783977448940277, 0.09247633814811707, 0.07263384759426117, 0.0001087137934518978, 9.524056076770648e-05, 5.128928751219064e-05], "height": 512, "width": 512}