{"vertices": [[428.03326416015625, 189.34262084960938], [428.703369140625, 320.0013122558594], [94.71463012695312, 324.0016174316406], [95.00450134277344, 185.11436462402344]], "vertices-score": [0.2148219347000122, 0.1358630657196045, 0.09327071160078049, 0.08247613906860352], "edges": [[0, 1], [2, 3]], "edges-weights": [0.7029364109039307, 0.599199652671814], "height": 512, "width": 512}