{"vertices": [[96.73838806152344, 196.92832946777344], [156.6697998046875, 184.00286865234375], [318.5110168457031, 216.00062561035156], [162.30694580078125, 130.9932403564453], [87.02381896972656, 256.00604248046875], [312.00189208984375, 96.01093292236328], [366.5455017089844, 257.127197265625], [374.8082580566406, 342.9894104003906], [218.6240692138672, 360.9192810058594]], "vertices-score": [0.5876272916793823, 0.4842407703399658, 0.3033786416053772, 0.26977166533470154, 0.1939079314470291, 0.16596846282482147, 0.052572622895240784, 0.05101817101240158, 0.03243577852845192], "edges": [[2, 5], [1, 3], [0, 1], [3, 5], [0, 4], [2, 7], [4, 8], [2, 4], [6, 7], [5, 6], [7, 8], [5, 7], [1, 5], [2, 6]], "edges-weights": [0.8502225875854492, 0.684778094291687, 0.6597800850868225, 0.5721181631088257, 0.49628499150276184, 0.4732130467891693, 0.3274674713611603, 0.27462881803512573, 0.2444860339164734, 0.23425815999507904, 0.07176510244607925, 0.0005901982658542693, 0.00037847424391657114, 8.079771214397624e-05], "height": 512, "width": 512}