{"vertices": [[300.00189208984375, 233.38211059570312], [374.56158447265625, 292.977783203125], [299.0019836425781, 292.0245361328125], [300.760498046875, 217.7456512451172], [334.20880126953125, 233.46165466308594], [191.01600646972656, 200.00196838378906], [262.8697509765625, 200.00001525878906], [371.0006408691406, 362.9964294433594], [289.7011413574219, 188.008056640625], [124.00267791748047, 217.1210174560547], [130.2564239501953, 360.3392333984375], [181.38369750976562, 188.0009307861328]], "vertices-score": [0.8023280501365662, 0.7713079452514648, 0.7247129678726196, 0.6544174551963806, 0.4872267544269562, 0.3600247800350189, 0.32458287477493286, 0.24670708179473877, 0.2278973013162613, 0.18152180314064026, 0.16696403920650482, 0.052893344312906265], "edges": [[0, 2], [1, 2], [5, 6], [2, 3], [1, 7], [0, 3], [0, 4], [3, 9], [9, 10], [1, 4], [3, 8], [9, 11], [7, 10], [8, 11], [0, 8], [6, 8], [3, 6], [5, 9], [6, 11], [5, 8], [3, 4], [1, 3]], "edges-weights": [0.9659795761108398, 0.9523508548736572, 0.8829400539398193, 0.7413739562034607, 0.7016469836235046, 0.690731942653656, 0.5696141719818115, 0.5691758990287781, 0.49988991022109985, 0.4950319230556488, 0.33180856704711914, 0.32509124279022217, 0.12550663948059082, 0.06318161636590958, 0.022689908742904663, 0.005015233531594276, 0.0013593632029369473, 0.001197157078422606, 0.00020195086835883558, 0.00015919338329695165, 0.00014661040040664375, 8.510885527357459e-05], "height": 512, "width": 512}