{"vertices": [[84.92153930664062, 289.1239929199219], [397.1611022949219, 305.8151550292969], [384.0045471191406, 332.8847961425781], [369.0466003417969, 388.7991638183594], [112.29278564453125, 243.01678466796875], [100.00054168701172, 211.00173950195312], [358.5620422363281, 408.00103759765625], [98.82081604003906, 315.0150146484375], [428.2172546386719, 190.14859008789062], [160.7427520751953, 116.00041198730469], [305.276123046875, 193.43597412109375], [304.13079833984375, 212.9606170654297], [245.046142578125, 229.84661865234375], [225.74510192871094, 209.30247497558594], [273.3468322753906, 234.00448608398438], [288.9197998046875, 228.93414306640625], [229.65176391601562, 185.90884399414062], [229.71749877929688, 216.8647003173828], [293.05084228515625, 177.66668701171875], [245.23805236816406, 173.53175354003906], [261.50726318359375, 234.23605346679688]], "vertices-score": [0.6116560101509094, 0.5359519124031067, 0.5359366536140442, 0.4966299533843994, 0.430853933095932, 0.2566005289554596, 0.17334124445915222, 0.17285281419754028, 0.17051981389522552, 0.07412812858819962, 0.03990111127495766, 0.03321714699268341, 0.031164199113845825, 0.026448089629411697, 0.01829676330089569, 0.01601465418934822, 0.014184296131134033, 0.01413037721067667, 0.012513959780335426, 0.00978423748165369, 0.008094833232462406], "edges": [[2, 4], [5, 9], [1, 8], [2, 3], [0, 4], [4, 5], [0, 7], [1, 5], [3, 6], [1, 2], [0, 3], [6, 7], [13, 16], [10, 11], [10, 18], [12, 13], [12, 14], [12, 17], [11, 15], [12, 20], [16, 19], [13, 17], [16, 17], [14, 15], [15, 20], [14, 20], [17, 20], [11, 14], [1, 6], [7, 19], [12, 15], [2, 8], [2, 6], [1, 3], [14, 17], [18, 19], [3, 10], [11, 20], [13, 19], [5, 16], [5, 14], [11, 18], [10, 15], [8, 10], [5, 20], [5, 17], [6, 11], [4, 19], [1, 15], [4, 7], [4, 15], [4, 16], [1, 14], [0, 5], [2, 11], [5, 7], [4, 14], [3, 7], [12, 18], [17, 18], [10, 13], [15, 18], [12, 19], [18, 20], [13, 18], [10, 17], [14, 18], [19, 20], [10, 14], [4, 11]], "edges-weights": [0.7633708119392395, 0.5833930969238281, 0.5027245879173279, 0.5005934834480286, 0.43380647897720337, 0.40530914068222046, 0.3919092118740082, 0.3834322690963745, 0.3750273287296295, 0.3584151864051819, 0.33992451429367065, 0.22411450743675232, 0.18865106999874115, 0.17977723479270935, 0.1669851839542389, 0.16638658940792084, 0.1529603749513626, 0.14857442677021027, 0.1400793492794037, 0.11366688460111618, 0.09786622226238251, 0.06815943866968155, 0.0614185705780983, 0.05851304903626442, 0.04612215980887413, 0.031317830085754395, 0.025169620290398598, 0.017251620069146156, 0.01692504994571209, 0.016426390036940575, 0.015754764899611473, 0.011707031168043613, 0.011135083623230457, 0.009150109253823757, 0.0032076856587082148, 0.0022751963697373867, 0.0018025547033175826, 0.0012837945250794291, 0.001237998716533184, 0.0011491910554468632, 0.0009852570947259665, 0.0005703765782527626, 0.000566394766792655, 0.0005622348980978131, 0.00046311868936754763, 0.00038526946445927024, 0.00036741752410307527, 0.0003597837931010872, 0.0003059492155443877, 0.00026438376517035067, 0.00025109341368079185, 0.0001968562719412148, 0.00018695108883548528, 0.00010194908099947497, 8.645874913781881e-05, 8.467221778118983e-05, 8.297021122416481e-05, 6.680336082354188e-05, 5.7581873988965526e-05, 4.930269642500207e-05, 4.596685539581813e-05, 4.462397191673517e-05, 4.4071985030313954e-05, 4.274420643923804e-05, 3.922569885617122e-05, 3.8738344301236793e-05, 3.7111283745616674e-05, 3.627103433245793e-05, 3.019806717929896e-05, 2.384428989898879e-05], "height": 512, "width": 512}