{"vertices": [[365.3681945800781, 349.1342468261719], [392.2079772949219, 254.02638244628906], [118.669921875, 241.22528076171875], [384.00115966796875, 311.00238037109375], [112.00215911865234, 192.56417846679688], [425.17083740234375, 194.6576690673828], [82.51567077636719, 267.0148620605469], [91.00387573242188, 314.9793701171875], [358.75531005859375, 402.49261474609375], [182.8837890625, 151.01280212402344], [409.738037109375, 289.6866760253906], [308.0419616699219, 194.337646484375], [228.66908264160156, 197.6405487060547], [297.1591796875, 205.472412109375], [241.3757781982422, 206.19715881347656], [293.096435546875, 182.8246612548828]], "vertices-score": [0.8782594203948975, 0.7534626722335815, 0.7465856075286865, 0.44928431510925293, 0.395109623670578, 0.3873133063316345, 0.37962082028388977, 0.2266933172941208, 0.12741567194461823, 0.12259461730718613, 0.06931383907794952, 0.02630683034658432, 0.024204136803746223, 0.014826987870037556, 0.009049540385603905, 0.008868131786584854], "edges": [[0, 3], [1, 5], [2, 3], [0, 6], [4, 9], [2, 4], [2, 6], [1, 3], [6, 7], [1, 4], [11, 15], [11, 13], [12, 14], [5, 10], [7, 8], [0, 8], [13, 14], [4, 12], [9, 14], [10, 15], [10, 11], [5, 13], [4, 6], [3, 10], [4, 14], [5, 15], [2, 13], [0, 13], [3, 8], [9, 15], [1, 14], [13, 15], [3, 6], [2, 14], [0, 7], [11, 14], [14, 15]], "edges-weights": [0.946271538734436, 0.8417093753814697, 0.7841973900794983, 0.6826730370521545, 0.5946090221405029, 0.5460875034332275, 0.4415067732334137, 0.4140205681324005, 0.4072229266166687, 0.3159278631210327, 0.26939600706100464, 0.25464844703674316, 0.21313370764255524, 0.18549701571464539, 0.18368187546730042, 0.010747784748673439, 0.004613175056874752, 0.0018777195364236832, 0.0016837214352563024, 0.000791615282651037, 0.0004440134798642248, 0.000391223409678787, 0.0003609408449847251, 0.00034383422462269664, 0.00029621002613566816, 0.0002418483782093972, 0.00023591100762132555, 0.00018586051010061055, 0.00016417482402175665, 0.0001508533750893548, 6.720379315083846e-05, 4.9366120947524905e-05, 4.504434036789462e-05, 2.309593401150778e-05, 2.2079719201428816e-05, 1.2038958630000707e-05, 7.823158739483915e-06], "height": 512, "width": 512}