{"vertices": [[326.3448486328125, 299.0044250488281], [132.96046447753906, 194.85580444335938], [134.47882080078125, 244.0063934326172], [362.9024658203125, 284.0000305175781], [424.11187744140625, 313.714599609375], [92.04959106445312, 252.8413848876953], [95.0212631225586, 305.6020202636719], [431.00030517578125, 200.9067840576172], [368.14508056640625, 214.1414031982422], [324.5907897949219, 372.01171875], [237.63804626464844, 200.94961547851562], [309.7350769042969, 193.92788696289062]], "vertices-score": [0.6047042012214661, 0.5760558843612671, 0.5689509510993958, 0.5347228050231934, 0.4919482171535492, 0.38921627402305603, 0.34382402896881104, 0.31907615065574646, 0.14383138716220856, 0.10628955811262131, 0.04129382222890854, 0.01708904094994068], "edges": [[0, 3], [2, 3], [1, 2], [0, 5], [4, 7], [4, 9], [5, 6], [7, 8], [2, 5], [6, 9], [1, 10], [8, 10], [7, 11], [10, 11], [3, 4], [3, 8], [0, 9], [1, 11], [5, 11], [3, 7], [2, 6], [3, 9], [8, 11], [0, 8], [2, 10]], "edges-weights": [0.9560439586639404, 0.8824322819709778, 0.8096681237220764, 0.7680003046989441, 0.756241500377655, 0.5509950518608093, 0.47105932235717773, 0.4050486087799072, 0.37034374475479126, 0.2048334926366806, 0.15231317281723022, 0.10455729812383652, 0.058749720454216, 0.003754500299692154, 0.0008762785000726581, 0.0005476251826621592, 0.00032007574918679893, 0.0001894455635920167, 0.00018819481192622334, 0.00012342832633294165, 0.00011253255797782913, 0.00010373593249823898, 8.435034396825358e-05, 7.853129500290379e-05, 2.8820595616707578e-05], "height": 512, "width": 512}