{"vertices": [[157.19784545898438, 128.1923828125], [441.118408203125, 276.8432922363281], [425.607177734375, 245.01959228515625], [73.88851928710938, 298.25], [168.00030517578125, 105.99176025390625], [327.00732421875, 404.8485107421875]], "vertices-score": [0.40250164270401, 0.2832977771759033, 0.1770387589931488, 0.10911466926336288, 0.10773903131484985, 0.08331683278083801], "edges": [[1, 5], [1, 2], [0, 4], [0, 3], [3, 4], [0, 1], [2, 4], [1, 4], [2, 5]], "edges-weights": [0.42271777987480164, 0.31410032510757446, 0.2299642264842987, 0.15462228655815125, 0.10855020582675934, 0.0980495885014534, 0.06589554250240326, 4.652823554351926e-05, 2.576987935754005e-05], "height": 512, "width": 512}