{"vertices": [[441.5660400390625, 240.0036163330078], [416.8902282714844, 322.9889831542969], [122.98191833496094, 322.9852600097656], [143.01243591308594, 404.953857421875], [369.7569580078125, 161.3191680908203], [97.55370330810547, 218.99908447265625], [305.9609375, 241.45330810546875], [225.9429168701172, 241.43946838378906], [308.0137023925781, 225.962158203125], [222.4305877685547, 229.2266845703125], [233.1097869873047, 213.22283935546875], [292.9921875, 252.91221618652344], [285.1098937988281, 256.13568115234375], [240.9877166748047, 208.21128845214844], [241.420166015625, 254.2173309326172], [261.5679931640625, 258.97393798828125]], "vertices-score": [0.31344807147979736, 0.2836152911186218, 0.15759381651878357, 0.15374207496643066, 0.13267837464809418, 0.04737092927098274, 0.02132267691195011, 0.018070636317133904, 0.017257539555430412, 0.015571224503219128, 0.013018651865422726, 0.012420639395713806, 0.010708265006542206, 0.009410562925040722, 0.009328234009444714, 0.008053271099925041], "edges": [[0, 1], [2, 3], [0, 4], [2, 5], [6, 8], [7, 9], [1, 3], [9, 10], [14, 15], [6, 12], [6, 11], [7, 14], [9, 13], [11, 15], [12, 15], [10, 13], [7, 15], [11, 12], [12, 14], [9, 14], [7, 10], [11, 14], [8, 11], [6, 15], [4, 6], [4, 11], [4, 8], [5, 13], [8, 12], [4, 12], [3, 14], [0, 12], [1, 4], [7, 8], [13, 14], [13, 15], [10, 15], [8, 15], [8, 14]], "edges-weights": [0.6814923286437988, 0.4720441401004791, 0.2826421558856964, 0.23122061789035797, 0.2273419052362442, 0.16453318297863007, 0.15966984629631042, 0.12276153266429901, 0.11775187402963638, 0.11380749195814133, 0.11335557699203491, 0.11179069429636002, 0.10675045847892761, 0.10272996127605438, 0.08810495585203171, 0.0675395131111145, 0.035362519323825836, 0.0325368233025074, 0.026889335364103317, 0.02275596186518669, 0.00864232238382101, 0.008130189962685108, 0.007786517031490803, 0.00698621803894639, 0.0023370638955384493, 0.0011606136104092002, 0.0007181051187217236, 0.0006849597557447851, 0.0006561010959558189, 0.0002735745219979435, 0.00019471583073027432, 0.00017814776219893247, 0.00010711283539421856, 6.739568925695494e-05, 5.101791612105444e-05, 5.029615931562148e-05, 4.1196286474587396e-05, 3.387339893379249e-05, 2.191345629398711e-05], "height": 512, "width": 512}