{"vertices": [[309.81671142578125, 226.5684356689453], [241.37677001953125, 234.96539306640625], [69.55972290039062, 232.1706085205078], [297.7810974121094, 246.01483154296875], [285.70257568359375, 214.67787170410156], [224.2869110107422, 81.61235809326172], [261.6518249511719, 217.64683532714844], [320.9222717285156, 245.34939575195312], [280.9803466796875, 431.01251220703125], [431.01513671875, 316.0054626464844], [254.352294921875, 249.3229217529297], [285.4945068359375, 253.40475463867188], [236.01107788085938, 257.7881164550781], [310.0225524902344, 281.8876037597656], [318.73663330078125, 269.4924621582031]], "vertices-score": [0.3509638011455536, 0.2268594652414322, 0.15141847729682922, 0.1400899589061737, 0.07464195787906647, 0.0729627013206482, 0.06956908851861954, 0.05878579989075661, 0.05651850253343582, 0.043693818151950836, 0.04269887134432793, 0.020957930013537407, 0.01408630982041359, 0.009866411797702312, 0.008891863748431206], "edges": [[0, 3], [1, 10], [0, 4], [0, 7], [2, 5], [1, 6], [1, 12], [8, 9], [4, 6], [3, 11], [7, 14], [2, 8], [13, 14], [0, 11], [10, 11], [7, 13], [1, 4], [3, 4], [10, 12], [3, 10], [3, 6], [6, 11], [3, 7], [11, 13], [4, 11], [6, 7], [3, 13], [6, 10], [3, 14], [4, 10]], "edges-weights": [0.4202320873737335, 0.40790852904319763, 0.40020614862442017, 0.37208428978919983, 0.33842840790748596, 0.3378140330314636, 0.29171594977378845, 0.26836392283439636, 0.17061671614646912, 0.15492138266563416, 0.13180994987487793, 0.12983018159866333, 0.10037058591842651, 0.023040462285280228, 0.015389498323202133, 0.003973546903580427, 0.0029076195787638426, 0.0006930771633051336, 0.0004017040482722223, 0.0003981386835221201, 0.0003320200485177338, 0.00028558081248775125, 0.00024468451738357544, 0.00021939956059213728, 0.0002022240951191634, 0.00018808970344252884, 0.00016851483087521046, 0.0001556461356813088, 0.00011437163630034775, 0.00011044296115869656], "height": 512, "width": 512}