{"vertices": [[176.2449188232422, 193.1160430908203], [286.46453857421875, 318.12042236328125], [218.7457275390625, 390.9922790527344], [284.00152587890625, 368.0000915527344], [128.7760467529297, 205.09954833984375], [407.01141357421875, 362.2944030761719], [172.0010528564453, 150.9495849609375], [431.0174560546875, 272.00030517578125], [280.38623046875, 128.32020568847656], [221.38632202148438, 433.1525573730469], [246.11181640625, 213.10362243652344], [322.78057861328125, 201.4281463623047], [241.20831298828125, 201.62306213378906], [321.6834411621094, 209.51905822753906], [249.24188232421875, 189.92633056640625], [220.80239868164062, 221.6417694091797], [261.2750244140625, 222.4571075439453], [309.08184814453125, 221.12588500976562]], "vertices-score": [0.6670129299163818, 0.5783183574676514, 0.4199904501438141, 0.3510393500328064, 0.2646929919719696, 0.1972389966249466, 0.16402095556259155, 0.15300500392913818, 0.07556846737861633, 0.059203848242759705, 0.025818148627877235, 0.023878397420048714, 0.0212065652012825, 0.01663622260093689, 0.013559955172240734, 0.010912097059190273, 0.009596033953130245, 0.00826980173587799], "edges": [[2, 3], [1, 7], [0, 3], [2, 4], [5, 7], [1, 6], [6, 8], [0, 4], [0, 6], [12, 14], [10, 12], [10, 16], [5, 9], [11, 13], [1, 15], [13, 17], [6, 15], [12, 16], [11, 17], [16, 17], [10, 14], [14, 15], [1, 11], [6, 12], [7, 13], [2, 10], [5, 11], [2, 16], [4, 9], [8, 14], [3, 5], [0, 14], [1, 16], [0, 10], [1, 17], [0, 2], [8, 10], [15, 16], [0, 8], [3, 6], [0, 1], [3, 9], [3, 17], [10, 11], [3, 15], [11, 16]], "edges-weights": [0.9403326511383057, 0.9092634320259094, 0.8645515441894531, 0.7383354306221008, 0.7048131823539734, 0.6769214868545532, 0.4335688054561615, 0.414521187543869, 0.3786647617816925, 0.20671753585338593, 0.20060455799102783, 0.17143867909908295, 0.1399969905614853, 0.1134595051407814, 0.10559991747140884, 0.1054908037185669, 0.05275883898139, 0.04066887125372887, 0.03841359168291092, 0.014766445383429527, 0.012653304263949394, 0.002478740643709898, 0.002041354775428772, 0.0016589107690379024, 0.0015133792767301202, 0.001406484399922192, 0.0012595652369782329, 0.0011173089733347297, 0.0009681060328148305, 0.0006212483276613057, 0.000546548399142921, 0.0004965931875631213, 0.0004623644344974309, 0.00036952862865291536, 0.00034700968535616994, 0.0003200275532435626, 0.00019820424495264888, 0.00017052266048267484, 0.0001555732887936756, 0.00013273452350404114, 5.01914691994898e-05, 4.885224188910797e-05, 4.826696022064425e-05, 2.3120395781006664e-05, 1.870834421424661e-05, 8.890096069080755e-06], "height": 512, "width": 512}