{"vertices": [[403.01446533203125, 285.4130554199219], [96.51985168457031, 231.00784301757812], [413.7337341308594, 240.00149536132812], [92.00025177001953, 320.07867431640625], [412.6097717285156, 331.005859375], [107.0169906616211, 276.0791931152344], [401.2874450683594, 370.99127197265625], [392.95318603515625, 160.81504821777344], [103.02198791503906, 360.0782775878906], [128.0960235595703, 154.76332092285156], [296.66461181640625, 193.90252685546875], [221.1832275390625, 205.11270141601562], [281.0395812988281, 212.5212860107422], [220.232177734375, 184.691162109375], [233.60812377929688, 213.34715270996094], [245.4881134033203, 172.82391357421875]], "vertices-score": [0.6619610786437988, 0.44933074712753296, 0.4095084071159363, 0.39989644289016724, 0.3713434934616089, 0.3257049024105072, 0.24791939556598663, 0.22107137739658356, 0.19251950085163116, 0.14349135756492615, 0.03885312005877495, 0.02575504593551159, 0.023727750405669212, 0.023167910054326057, 0.01363767497241497, 0.010206391103565693], "edges": [[0, 5], [0, 2], [1, 9], [1, 5], [3, 8], [4, 6], [2, 7], [3, 4], [0, 4], [3, 5], [11, 13], [11, 14], [6, 8], [10, 12], [13, 15], [12, 14], [7, 12], [1, 15], [7, 10], [13, 14], [4, 12], [2, 10], [7, 15], [3, 12], [2, 12], [1, 3], [5, 14], [14, 15], [12, 13], [10, 14], [10, 11], [0, 7], [10, 13]], "edges-weights": [0.7494304180145264, 0.6282466650009155, 0.5486247539520264, 0.4758446514606476, 0.4214422404766083, 0.4141668975353241, 0.41412803530693054, 0.40178370475769043, 0.37717774510383606, 0.37117815017700195, 0.18874727189540863, 0.17495155334472656, 0.16682027280330658, 0.16420704126358032, 0.14584264159202576, 0.02192072384059429, 0.003214196301996708, 0.0032132784835994244, 0.0017959866672754288, 0.0007081725634634495, 0.0007008704706095159, 0.0006609338452108204, 0.0003633277665358037, 0.0002851004246622324, 0.00016538052295800298, 0.00015206374519038945, 9.443524322705343e-05, 6.991502596065402e-05, 3.6290890420787036e-05, 2.8092403226764873e-05, 2.5649447707110085e-05, 2.3832948500057682e-05, 9.34802937990753e-06], "height": 512, "width": 512}