{"vertices": [[313.9721374511719, 366.13006591796875], [382.2513122558594, 361.5861511230469], [318.8252258300781, 320.00048828125], [372.7451171875, 401.20611572265625], [288.99737548828125, 176.0008544921875], [143.00856018066406, 329.4938049316406], [280.0005187988281, 134.54586791992188], [324.8553466796875, 174.84275817871094], [160.76046752929688, 415.0210266113281], [161.6630096435547, 139.00115966796875], [265.7389831542969, 217.7200927734375], [185.57456970214844, 222.13037109375], [225.3235321044922, 238.43173217773438], [253.7423095703125, 230.6019744873047], [184.2486114501953, 209.3218231201172], [201.47393798828125, 234.29981994628906], [201.3045654296875, 193.31626892089844]], "vertices-score": [0.9418385028839111, 0.6949710845947266, 0.5632745623588562, 0.38808968663215637, 0.3701857626438141, 0.2261940985918045, 0.2214452177286148, 0.1904442012310028, 0.14900913834571838, 0.06551443040370941, 0.025364141911268234, 0.019679833203554153, 0.015880512073636055, 0.014118384569883347, 0.013127521611750126, 0.012454679235816002, 0.008305254392325878], "edges": [[0, 2], [0, 1], [2, 5], [1, 3], [4, 6], [4, 7], [6, 9], [5, 8], [10, 13], [11, 14], [1, 7], [3, 8], [12, 15], [12, 13], [11, 15], [14, 16], [5, 9], [4, 10], [11, 12], [4, 13], [14, 15], [1, 2], [10, 12], [6, 10], [11, 16], [9, 11], [9, 16], [9, 15]], "edges-weights": [0.9763829708099365, 0.943379282951355, 0.8379063606262207, 0.6024098992347717, 0.5841560959815979, 0.43754568696022034, 0.43459028005599976, 0.3754715025424957, 0.2290932685136795, 0.2132779210805893, 0.1698465198278427, 0.14209198951721191, 0.13658590614795685, 0.13514883816242218, 0.11826125532388687, 0.11259058862924576, 0.08517049998044968, 0.02596115507185459, 0.020903687924146652, 0.01753382384777069, 0.013565926812589169, 0.0024521893355995417, 0.0019957388285547495, 0.0010982492240145802, 0.0009620434721000493, 0.0009090672247111797, 0.00015853051445446908, 3.2237498089671135e-05], "height": 512, "width": 512}