{"vertices": [[108.00267028808594, 213.0384979248047], [417.2093811035156, 176.02171325683594], [128.47422790527344, 119.00883483886719], [356.603515625, 364.00775146484375], [440.0680236816406, 268.00018310546875], [98.99871826171875, 332.8676452636719], [225.1766357421875, 273.7027282714844], [245.54751586914062, 262.294189453125]], "vertices-score": [0.24298840761184692, 0.21534304320812225, 0.13798004388809204, 0.11907758563756943, 0.09767230600118637, 0.08465643972158432, 0.008659034967422485, 0.008290249854326248], "edges": [[0, 2], [1, 4], [0, 5], [3, 4], [6, 7], [1, 2], [0, 4], [3, 5], [1, 3], [5, 6]], "edges-weights": [0.5563039779663086, 0.5416176915168762, 0.5171429514884949, 0.44518986344337463, 0.13042119145393372, 0.07852433621883392, 0.07789268344640732, 0.030894363299012184, 8.375712059205398e-05, 8.244674245361239e-05], "height": 512, "width": 512}