{"vertices": [[435.021484375, 209.39035034179688], [411.0035705566406, 287.0040283203125], [341.5765380859375, 141.90602111816406], [176.0004119873047, 359.0201721191406], [98.35891723632812, 254.17803955078125], [85.3387451171875, 260.07135009765625], [110.63887023925781, 294.77734375], [188.7884063720703, 429.8101501464844], [313.0629577636719, 245.1909942626953], [102.06438446044922, 260.9823303222656], [314.90472412109375, 225.3578338623047], [305.0405578613281, 253.33457946777344], [230.3199920654297, 229.4990234375], [297.59039306640625, 257.6064453125], [285.5156555175781, 261.6354675292969], [261.3434143066406, 204.04083251953125], [240.95387268066406, 213.25440979003906], [97.27050018310547, 297.07733154296875], [261.4522705078125, 261.6715393066406], [238.0941619873047, 249.02395629882812], [285.640625, 204.04551696777344], [305.57928466796875, 213.2707977294922]], "vertices-score": [0.24817529320716858, 0.19590382277965546, 0.18273930251598358, 0.17617125809192657, 0.16115380823612213, 0.13951995968818665, 0.09160582721233368, 0.08041905611753464, 0.024469899013638496, 0.023663850501179695, 0.02111748233437538, 0.016870614141225815, 0.016707131639122963, 0.015837287530303, 0.015654638409614563, 0.013041175901889801, 0.012575163505971432, 0.011918660253286362, 0.011395447887480259, 0.010891037061810493, 0.009941927157342434, 0.008246426470577717], "edges": [[3, 4], [0, 1], [3, 9], [0, 3], [5, 6], [0, 2], [1, 7], [4, 5], [8, 10], [12, 19], [15, 20], [10, 21], [12, 16], [18, 19], [8, 13], [8, 11], [15, 16], [5, 17], [8, 14], [11, 14], [13, 18], [14, 18], [13, 14], [2, 5], [11, 13], [20, 21], [5, 9], [2, 4], [11, 18], [10, 20], [7, 17], [4, 9], [6, 9], [16, 20], [10, 11], [12, 15], [15, 21], [5, 7], [2, 8], [14, 19], [2, 9], [3, 7], [3, 16], [2, 10], [1, 20], [12, 18], [8, 21], [6, 7], [1, 21], [5, 16], [4, 15], [2, 11], [2, 21], [16, 19], [10, 13], [2, 20], [2, 12], [2, 15], [3, 6], [6, 17], [13, 19], [13, 20], [8, 20], [11, 20], [18, 20], [3, 17], [14, 21], [13, 21], [11, 21], [14, 20], [15, 18], [18, 21], [19, 20], [19, 21], [15, 19], [16, 18]], "edges-weights": [0.8005456328392029, 0.726078450679779, 0.4741520285606384, 0.40145257115364075, 0.39795756340026855, 0.3130255937576294, 0.3016865849494934, 0.22409652173519135, 0.21203619241714478, 0.17410732805728912, 0.15154683589935303, 0.14989490807056427, 0.13384976983070374, 0.13364315032958984, 0.1319030523300171, 0.13142754137516022, 0.09282644093036652, 0.09222669899463654, 0.09200014919042587, 0.09151440858840942, 0.08239970356225967, 0.0714414045214653, 0.06808718293905258, 0.06470391154289246, 0.050480786710977554, 0.04915311560034752, 0.043228741735219955, 0.04260244220495224, 0.03310415521264076, 0.027686459943652153, 0.02441454865038395, 0.022821813821792603, 0.02242436632514, 0.018117504194378853, 0.015866806730628014, 0.006352318450808525, 0.006310488563030958, 0.00471988320350647, 0.004659006372094154, 0.003467103699222207, 0.0023950613103806973, 0.002311580115929246, 0.0018459493294358253, 0.0015964251942932606, 0.0012931136880069971, 0.0011911755427718163, 0.0011726822704076767, 0.0010447233216837049, 0.0009890584042295814, 0.0009102299227379262, 0.0008997939876280725, 0.0008150137728080153, 0.000790947990026325, 0.000630418595392257, 0.0005557942786253989, 0.000512218102812767, 0.0004060658684466034, 0.0003797802492044866, 0.00031775195384398103, 0.00022841474856249988, 0.0001436831516912207, 0.0001345607015537098, 0.00010770288645289838, 9.834443335421383e-05, 7.462886424036697e-05, 6.92794201313518e-05, 5.189200965105556e-05, 5.113750012242235e-05, 4.9773876526160166e-05, 4.9534093705005944e-05, 4.952484232489951e-05, 4.440095290192403e-05, 4.438630276126787e-05, 3.0274219170678407e-05, 2.0533268980216235e-05, 1.867226637841668e-05], "height": 512, "width": 512}