{"vertices": [[150.5070343017578, 216.63677978515625], [312.744140625, 272.80322265625], [309.0459289550781, 125.96473693847656], [86.61576843261719, 291.0137634277344], [153.7316436767578, 152.06039428710938], [92.00011444091797, 224.05087280273438], [369.130615234375, 230.7349395751953], [373.9851989746094, 325.1036071777344], [322.1106262207031, 308.75579833984375], [224.92112731933594, 332.9620361328125], [244.0177001953125, 309.4046630859375]], "vertices-score": [0.6882650852203369, 0.5327671766281128, 0.3348125219345093, 0.2576795518398285, 0.2494557648897171, 0.24251194298267365, 0.2407560497522354, 0.21331846714019775, 0.0488600954413414, 0.043834757059812546, 0.03579344227910042], "edges": [[1, 2], [0, 5], [2, 6], [1, 7], [0, 4], [6, 7], [3, 5], [2, 4], [1, 3], [3, 9], [7, 9], [2, 8], [1, 8], [7, 8], [8, 10], [1, 6], [4, 5], [3, 10], [6, 8], [1, 10]], "edges-weights": [0.8224114179611206, 0.6630354523658752, 0.6373291611671448, 0.6069241166114807, 0.5760025382041931, 0.5147455930709839, 0.5096111297607422, 0.47695955634117126, 0.38785025477409363, 0.270855188369751, 0.04755976051092148, 0.0013136131456121802, 0.0006197745678946376, 0.0003794625517912209, 0.0003569202672224492, 0.00022160330263432115, 0.00014657824067398906, 0.00013035496522206813, 9.60606339504011e-05, 9.457357373321429e-05], "height": 512, "width": 512}