{"vertices": [[377.05889892578125, 252.11309814453125], [376.01641845703125, 210.3238983154297], [85.1887435913086, 197.82937622070312], [420.00030517578125, 256.8175048828125], [146.29725646972656, 172.0297393798828], [421.48876953125, 312.00274658203125], [82.64546966552734, 312.013671875]], "vertices-score": [0.7899941205978394, 0.4485556185245514, 0.40763434767723083, 0.27538350224494934, 0.25062131881713867, 0.2499910593032837, 0.14005480706691742], "edges": [[0, 1], [0, 3], [2, 6], [2, 4], [3, 5], [1, 4], [1, 3], [0, 5], [4, 6]], "edges-weights": [0.8222245573997498, 0.6875886917114258, 0.6091384887695312, 0.5464215278625488, 0.3886220157146454, 0.12512534856796265, 0.0003292732289992273, 0.00021703599486500025, 9.154103463515639e-05], "height": 512, "width": 512}