{"vertices": [[72.0069351196289, 285.54754638671875], [410.37127685546875, 326.0570068359375], [404.00732421875, 277.4277648925781], [235.0093994140625, 216.7359619140625], [186.1103973388672, 123.0083999633789], [228.75970458984375, 153.54930114746094], [89.09027099609375, 179.01626586914062], [237.5500946044922, 152.77935791015625], [266.5345153808594, 359.02362060546875]], "vertices-score": [0.31908929347991943, 0.2892742156982422, 0.25863128900527954, 0.24844741821289062, 0.21045023202896118, 0.16945777833461761, 0.08282385021448135, 0.0744069367647171, 0.009063302539288998], "edges": [[0, 6], [4, 6], [0, 3], [1, 2], [1, 3], [4, 5], [1, 8], [2, 7], [4, 7], [3, 7], [0, 8], [3, 5], [2, 5], [5, 7], [3, 4], [5, 6]], "edges-weights": [0.6348254084587097, 0.6110135316848755, 0.5798572301864624, 0.47275644540786743, 0.45507845282554626, 0.4481813311576843, 0.23569004237651825, 0.18523582816123962, 0.1545262634754181, 0.11684173345565796, 0.0631483793258667, 0.048931561410427094, 0.02852688729763031, 0.007612498011440039, 0.00011994508531643078, 9.13622643565759e-05], "height": 512, "width": 512}