{"vertices": [[72.5933609008789, 256.05303955078125], [389.53143310546875, 125.27428436279297], [96.74182891845703, 167.0032958984375], [405.7452087402344, 338.9497375488281], [412.00006103515625, 215.0140380859375], [145.1592559814453, 363.004638671875]], "vertices-score": [0.3499336242675781, 0.30104488134384155, 0.18854938447475433, 0.10269467532634735, 0.10149064660072327, 0.05816994234919548], "edges": [[0, 2], [3, 4], [1, 4], [0, 5], [1, 2], [3, 5]], "edges-weights": [0.6191914677619934, 0.5117052793502808, 0.48594051599502563, 0.4645898938179016, 0.14411862194538116, 0.0764869898557663], "height": 512, "width": 512}