{"vertices": [[334.46612548828125, 185.2486572265625], [401.7406005859375, 221.15081787109375], [393.1683654785156, 177.12200927734375], [426.0669860839844, 249.65846252441406], [78.88423156738281, 308.18914794921875], [98.3865966796875, 218.59124755859375], [324.0002136230469, 88.06175994873047], [436.2861022949219, 297.42193603515625], [206.94039916992188, 376.0021667480469]], "vertices-score": [0.7295318245887756, 0.49520745873451233, 0.3376183807849884, 0.33710920810699463, 0.22454196214675903, 0.2057623565196991, 0.18705414235591888, 0.15788757801055908, 0.03550321236252785], "edges": [[0, 6], [2, 6], [4, 5], [1, 2], [1, 3], [4, 8], [0, 7], [3, 7], [5, 6], [0, 4], [7, 8], [0, 2], [2, 7], [1, 7], [2, 4], [1, 6]], "edges-weights": [0.8933767080307007, 0.6494133472442627, 0.6028410792350769, 0.5044907927513123, 0.47479748725891113, 0.46615880727767944, 0.3743869364261627, 0.31658220291137695, 0.17166252434253693, 0.10161159932613373, 0.07877816259860992, 0.0022072228603065014, 0.0004748096689581871, 8.46147449919954e-05, 7.372879917966202e-05, 5.369842619984411e-05], "height": 512, "width": 512}