{"vertices": [[109.25814056396484, 229.43850708007812], [191.0044403076172, 246.93507385253906], [81.64794158935547, 248.0081787109375], [115.00210571289062, 174.941650390625], [197.13845825195312, 111.01570892333984], [76.00212860107422, 304.00079345703125], [412.0002136230469, 213.73138427734375], [422.8747253417969, 315.00347900390625], [293.026611328125, 345.5223693847656]], "vertices-score": [0.7595685720443726, 0.42045891284942627, 0.36658868193626404, 0.23086535930633545, 0.19577810168266296, 0.18301276862621307, 0.17413878440856934, 0.10607348382472992, 0.021202823147177696], "edges": [[1, 4], [1, 5], [0, 2], [3, 4], [0, 3], [6, 7], [2, 5], [1, 7], [7, 8], [4, 6], [5, 8], [0, 1], [0, 5], [0, 4]], "edges-weights": [0.8050571084022522, 0.7529663443565369, 0.7118638753890991, 0.6727827787399292, 0.6613837480545044, 0.5940953493118286, 0.5107734799385071, 0.2746918797492981, 0.20207123458385468, 0.10435652732849121, 0.040506161749362946, 0.004833373706787825, 0.00017430767184123397, 2.4634789951960556e-05], "height": 512, "width": 512}