{"vertices": [[181.3494415283203, 361.5751037597656], [228.9224395751953, 172.09445190429688], [174.9950408935547, 316.49993896484375], [116.0058822631836, 352.7082824707031], [348.0473327636719, 340.0022888183594], [244.1058807373047, 132.68167114257812], [199.0020294189453, 169.6913299560547], [333.2804870605469, 423.0174255371094], [362.1424865722656, 142.98782348632812], [126.69174194335938, 391.02362060546875], [326.1783142089844, 221.5816192626953], [242.33056640625, 213.4948272705078], [325.20611572265625, 209.52099609375], [265.5124206542969, 237.91473388671875], [309.0694274902344, 237.06646728515625], [249.19003295898438, 201.5093231201172], [265.3559265136719, 192.363525390625], [318.2132568359375, 200.7709503173828], [285.3321838378906, 241.42959594726562]], "vertices-score": [0.9152799844741821, 0.5428819060325623, 0.4576742947101593, 0.45278438925743103, 0.33224040269851685, 0.266495943069458, 0.21576841175556183, 0.16483864188194275, 0.13362455368041992, 0.11795086413621902, 0.04760057479143143, 0.024380652233958244, 0.020794184878468513, 0.02078821510076523, 0.019448960199952126, 0.016943514347076416, 0.01309929694980383, 0.012491670437157154, 0.010535378009080887], "edges": [[0, 2], [0, 3], [2, 4], [4, 7], [1, 5], [1, 6], [3, 9], [5, 8], [10, 14], [15, 16], [10, 12], [11, 15], [7, 9], [3, 6], [10, 17], [4, 8], [12, 17], [14, 18], [13, 18], [13, 14], [11, 16], [11, 13], [1, 11], [1, 16], [1, 2], [1, 15], [4, 14], [4, 17], [2, 6], [2, 3], [12, 14], [10, 18], [6, 15], [7, 13], [6, 16], [8, 17], [0, 4], [0, 11], [6, 11], [0, 18], [0, 14], [4, 9], [0, 9], [13, 15], [14, 17], [12, 18], [16, 18], [13, 16], [13, 17], [17, 18]], "edges-weights": [0.9673259258270264, 0.9005747437477112, 0.8647449612617493, 0.6144125461578369, 0.47771355509757996, 0.41722166538238525, 0.34552010893821716, 0.2917170524597168, 0.21912269294261932, 0.15097104012966156, 0.15024597942829132, 0.1490003764629364, 0.14868204295635223, 0.13073882460594177, 0.12628105282783508, 0.11676596105098724, 0.08536170423030853, 0.0796898603439331, 0.06248452141880989, 0.04102451354265213, 0.04077592492103577, 0.03147905319929123, 0.01893572323024273, 0.00988515093922615, 0.007049595471471548, 0.00438635004684329, 0.001241891412064433, 0.0011705746874213219, 0.0011683473130688071, 0.0008147846674546599, 0.0006333966739475727, 0.0005537141114473343, 0.0005039731040596962, 0.000384342682082206, 0.00030515220714733005, 0.0002980951394420117, 0.0002807235869113356, 0.0001912975567393005, 0.00018892028310801834, 0.00010925803508143872, 0.00010590577585389838, 9.273957402911037e-05, 3.128319076495245e-05, 2.6379622795502655e-05, 2.4343733457499184e-05, 2.1161442418815568e-05, 2.0694107661256567e-05, 1.9667373635456897e-05, 1.6062775102909654e-05, 1.4783973711018916e-05], "height": 512, "width": 512}