{"vertices": [[137.8693084716797, 264.79278564453125], [389.97552490234375, 240.77748107910156], [429.2572937011719, 248.13128662109375], [435.0157165527344, 304.8649597167969], [90.21269989013672, 314.99908447265625], [99.01490020751953, 213.5038604736328], [387.00103759765625, 214.5612030029297], [129.46063232421875, 160.00244140625], [325.5155334472656, 337.8555908203125], [125.48819732666016, 217.14303588867188], [142.5897674560547, 193.9501953125]], "vertices-score": [0.7419530749320984, 0.7114337682723999, 0.5438690781593323, 0.27921509742736816, 0.21537743508815765, 0.20666322112083435, 0.17924459278583527, 0.17917421460151672, 0.041769757866859436, 0.029103433713316917, 0.024679020047187805], "edges": [[0, 4], [1, 2], [1, 6], [2, 3], [3, 8], [0, 10], [5, 7], [4, 5], [0, 3], [7, 9], [6, 7], [7, 10], [0, 9], [9, 10], [4, 9], [2, 6], [2, 7], [5, 6], [0, 5], [4, 7]], "edges-weights": [0.7559423446655273, 0.6399993896484375, 0.5417866110801697, 0.4942781627178192, 0.3608948290348053, 0.3542579114437103, 0.3303658366203308, 0.3076881468296051, 0.15476441383361816, 0.1395636349916458, 0.0849795714020729, 0.0010793363908305764, 0.0005191083764657378, 0.0003160302003379911, 0.00031299397232942283, 0.00030868928297422826, 0.0002835398481693119, 0.00020294303249102086, 0.00010185074643231928, 9.521562787995208e-06], "height": 512, "width": 512}