{"vertices": [[386.6977233886719, 246.99476623535156], [430.9876403808594, 250.5994110107422], [385.21527099609375, 180.79544067382812], [432.3548278808594, 313.672119140625], [253.84815979003906, 159.02284240722656], [117.04950714111328, 209.92510986328125], [116.00096893310547, 310.08831787109375]], "vertices-score": [0.5272971987724304, 0.41888150572776794, 0.4156397581100464, 0.4022892415523529, 0.17514725029468536, 0.17494331300258636, 0.15086477994918823], "edges": [[0, 1], [0, 2], [2, 4], [4, 5], [1, 3], [5, 6]], "edges-weights": [0.6083303093910217, 0.567136824131012, 0.5638689994812012, 0.5456375479698181, 0.5431253910064697, 0.5253384709358215], "height": 512, "width": 512}