{"vertices": [[298.9952392578125, 164.75718688964844], [287.0053405761719, 386.0554504394531], [290.2424621582031, 352.0002136230469], [120.87469482421875, 340.8741149902344], [355.01513671875, 390.4513854980469], [345.8740539550781, 166.9502716064453], [300.00250244140625, 124.86141967773438], [346.761962890625, 418.987548828125], [143.02288818359375, 404.7597961425781], [266.2220458984375, 221.8059844970703], [248.87901306152344, 240.09080505371094], [265.8411560058594, 209.01480102539062], [225.3214111328125, 246.66798400878906], [180.00228881835938, 119.04069519042969], [189.56971740722656, 201.2747039794922], [182.79428100585938, 217.36428833007812], [209.35533142089844, 188.99790954589844], [189.7348175048828, 233.03627014160156], [201.86241149902344, 241.9888458251953], [245.2413787841797, 189.53585815429688], [185.346435546875, 225.71470642089844]], "vertices-score": [0.6894445419311523, 0.6590779423713684, 0.5613106489181519, 0.44562476873397827, 0.3422714173793793, 0.33716219663619995, 0.32860979437828064, 0.20235088467597961, 0.16731737554073334, 0.040191177278757095, 0.024603359401226044, 0.02405860833823681, 0.018370455130934715, 0.01768742874264717, 0.016097314655780792, 0.011517493985593319, 0.011344668455421925, 0.01106684748083353, 0.008440449833869934, 0.00842549279332161, 0.008348850533366203], "edges": [[1, 2], [1, 4], [2, 3], [0, 6], [0, 5], [3, 8], [6, 13], [4, 7], [9, 10], [14, 15], [15, 17], [10, 12], [9, 11], [4, 5], [7, 8], [16, 19], [14, 16], [11, 19], [15, 20], [3, 13], [12, 18], [12, 17], [17, 20], [14, 20], [18, 20], [17, 18], [15, 18], [0, 11], [0, 9], [14, 17], [10, 18], [15, 16], [10, 11], [13, 20], [5, 7], [9, 12], [8, 12], [2, 4], [8, 18], [6, 16], [13, 17], [6, 11], [9, 19], [3, 15], [13, 16], [13, 15], [13, 14], [12, 19], [11, 20], [11, 12], [18, 19], [10, 19], [17, 19], [16, 18], [11, 17], [11, 18]], "edges-weights": [0.962265133857727, 0.8467138409614563, 0.7913368940353394, 0.6860256791114807, 0.6148782968521118, 0.49054062366485596, 0.3333178758621216, 0.3303815722465515, 0.1999760866165161, 0.18655088543891907, 0.15974850952625275, 0.15108035504817963, 0.14391165971755981, 0.13013190031051636, 0.11272091418504715, 0.11229856312274933, 0.11122933030128479, 0.10907096415758133, 0.10326637327671051, 0.10003458708524704, 0.08674554526805878, 0.07805485278367996, 0.07635046541690826, 0.07481633871793747, 0.06757635623216629, 0.06614293158054352, 0.04274779185652733, 0.01781536638736725, 0.014111828058958054, 0.011328901164233685, 0.01061592809855938, 0.007470801938325167, 0.002218961250036955, 0.001214448711834848, 0.0010213226778432727, 0.0007048326660878956, 0.0006683624815195799, 0.0006221267394721508, 0.0006119046011008322, 0.0006060760351829231, 0.0005284633371047676, 0.0004849019751418382, 0.00047336900024674833, 0.00035745438071899116, 0.00034126394893974066, 0.0003312976041343063, 0.00023733775014989078, 4.265250754542649e-05, 3.0362720281118527e-05, 2.417871837678831e-05, 2.238318666059058e-05, 2.0678311557276174e-05, 1.908767990244087e-05, 1.8916703993454576e-05, 1.8881810319726355e-05, 1.6777201381046325e-05], "height": 512, "width": 512}