{"vertices": [[216.81155395507812, 242.6074676513672], [142.35133361816406, 318.83782958984375], [143.0075225830078, 242.69996643066406], [220.00160217285156, 168.7030792236328], [392.0360412597656, 317.6116943359375], [389.7103576660156, 172.0002899169922]], "vertices-score": [0.722969651222229, 0.3544768989086151, 0.2145095020532608, 0.193308487534523, 0.180723175406456, 0.06303510069847107], "edges": [[0, 2], [0, 3], [1, 2], [4, 5], [3, 5]], "edges-weights": [0.729138970375061, 0.6729772090911865, 0.618439793586731, 0.5352191925048828, 0.3377087712287903], "height": 512, "width": 512}