{"vertices": [[173.12191772460938, 152.0462188720703], [187.01132202148438, 81.98802947998047], [412.0013427734375, 222.99874877929688], [72.9795913696289, 293.1693115234375], [436.0008850097656, 300.04351806640625], [109.54943084716797, 217.0685577392578], [309.4799499511719, 392.01226806640625], [120.7284927368164, 181.10110473632812], [85.3201675415039, 252.84393310546875]], "vertices-score": [0.7054230570793152, 0.32974016666412354, 0.17534898221492767, 0.09408583492040634, 0.07758301496505737, 0.05793099105358124, 0.04862874746322632, 0.04043145105242729, 0.021266797557473183], "edges": [[0, 1], [0, 3], [2, 4], [4, 6], [5, 7], [5, 8], [1, 7], [1, 2], [0, 4], [3, 8], [3, 6], [3, 7], [3, 5], [7, 8], [1, 5], [0, 8], [0, 5]], "edges-weights": [0.8140127062797546, 0.5743956565856934, 0.5278298258781433, 0.3679196834564209, 0.18140141665935516, 0.163205087184906, 0.15051612257957458, 0.10859475284814835, 0.09539694339036942, 0.09206083416938782, 0.08722352236509323, 0.010463081300258636, 0.0025065159425139427, 0.000569744675885886, 0.0005270327092148364, 0.00017267854127567261, 0.00013059643970336765], "height": 512, "width": 512}