{"vertices": [[134.85986328125, 337.3053894042969], [261.0369873046875, 373.7784118652344], [125.04183959960938, 300.0025634765625], [388.93035888671875, 245.37164306640625], [100.15123748779297, 345.5390625], [265.12969970703125, 156.7235870361328], [87.0134048461914, 310.3214416503906], [408.0096435546875, 168.01571655273438], [260.1541748046875, 441.19561767578125], [294.99615478515625, 127.02666473388672], [250.99066162109375, 152.82864379882812], [321.7318420410156, 237.4879608154297], [321.50213623046875, 217.90545654296875], [241.50302124023438, 237.4482421875], [305.0288391113281, 252.7670135498047], [261.6871032714844, 253.5049591064453], [246.0347900390625, 210.1519012451172], [285.30035400390625, 257.4456787109375], [112.85342407226562, 285.1915283203125], [238.25924682617188, 225.4755096435547], [308.9126892089844, 205.61502075195312], [241.05152893066406, 216.98760986328125], [252.8582000732422, 205.07070922851562]], "vertices-score": [0.8528624176979065, 0.6257391571998596, 0.4845723509788513, 0.34982287883758545, 0.33982712030410767, 0.28422844409942627, 0.25743284821510315, 0.22848650813102722, 0.20210595428943634, 0.10561073571443558, 0.10034250468015671, 0.04297425597906113, 0.040897466242313385, 0.02890264242887497, 0.017367510125041008, 0.01702851615846157, 0.011932101100683212, 0.01190525759011507, 0.011530334129929543, 0.011363927274942398, 0.010480265133082867, 0.009615116752684116, 0.008344737812876701], "edges": [[0, 2], [0, 6], [1, 2], [1, 7], [3, 7], [5, 9], [3, 8], [4, 6], [13, 21], [7, 9], [5, 10], [12, 20], [11, 12], [11, 14], [4, 8], [13, 15], [19, 22], [16, 19], [13, 19], [19, 21], [6, 18], [16, 21], [2, 18], [14, 17], [6, 10], [10, 18], [21, 22], [13, 16], [15, 17], [16, 22], [1, 18], [14, 15], [0, 18], [15, 19], [5, 16], [11, 17], [5, 21], [5, 22], [13, 17], [2, 6], [9, 10], [18, 22], [2, 16], [7, 12], [16, 18], [10, 19], [11, 20], [5, 20], [7, 11], [10, 21], [6, 9], [1, 15], [20, 22], [12, 14], [9, 18], [3, 12], [0, 1], [10, 20], [10, 22], [1, 17], [5, 6], [5, 18], [3, 20], [1, 20], [1, 12], [14, 20], [15, 22], [15, 20], [12, 15], [1, 6], [17, 20], [1, 3], [16, 17]], "edges-weights": [0.9551116228103638, 0.8237955570220947, 0.8224207758903503, 0.6217556595802307, 0.6059020757675171, 0.47157472372055054, 0.4150677025318146, 0.39337220788002014, 0.22167465090751648, 0.218881756067276, 0.21702483296394348, 0.20776231586933136, 0.20359739661216736, 0.18670165538787842, 0.17498944699764252, 0.17311421036720276, 0.11637911945581436, 0.1117866262793541, 0.10441403090953827, 0.09814020991325378, 0.09252525866031647, 0.08087681978940964, 0.0802920013666153, 0.07645491510629654, 0.07576249539852142, 0.07223745435476303, 0.06402762234210968, 0.06256179511547089, 0.059506211429834366, 0.058919310569763184, 0.031179575249552727, 0.022724460810422897, 0.017466740682721138, 0.013692318461835384, 0.008179341442883015, 0.007094956934452057, 0.004522002302110195, 0.0036125974729657173, 0.002636190038174391, 0.001883497810922563, 0.0017854755278676748, 0.001648354227654636, 0.0015233729500323534, 0.0015049107605591416, 0.001500466256402433, 0.0013491612626239657, 0.0012336992658674717, 0.0011055965442210436, 0.0010847497032955289, 0.0010443570790812373, 0.0009982895571738482, 0.0008998112170957029, 0.0007808157242834568, 0.0007423260249197483, 0.0006546863005496562, 0.000590610783547163, 0.0005856527131982148, 0.0005821510567329824, 0.0005196388810873032, 0.0005059894174337387, 0.000425349164288491, 0.0003418101987335831, 0.00021889035997446626, 0.00013468046381603926, 0.00010626407311065122, 5.287588282953948e-05, 3.7799891288159415e-05, 3.265278064645827e-05, 3.176660175085999e-05, 2.90441676042974e-05, 2.1488676793524064e-05, 2.086425229208544e-05, 1.5807112504262477e-05], "height": 512, "width": 512}