{"vertices": [[218.9451141357422, 382.4654235839844], [214.1032257080078, 166.10513305664062], [151.0045166015625, 385.70416259765625], [216.00021362304688, 345.8489685058594], [386.9028015136719, 338.7628479003906], [364.8520812988281, 407.00347900390625], [168.91812133789062, 168.03109741210938], [215.001953125, 127.00194549560547], [159.02786254882812, 416.17791748046875], [334.1414794921875, 123.00386810302734], [269.1742248535156, 188.5697021484375], [269.34539794921875, 242.251708984375], [248.77279663085938, 201.0890350341797], [244.924072265625, 221.8470001220703], [326.72027587890625, 221.15184020996094], [297.2323303222656, 244.00607299804688], [325.765869140625, 209.53335571289062], [313.298828125, 237.44140625], [321.0985412597656, 201.53529357910156], [297.60040283203125, 188.04739379882812], [321.58074951171875, 230.35208129882812]], "vertices-score": [0.8674964308738708, 0.633277177810669, 0.564673662185669, 0.5152746438980103, 0.35224437713623047, 0.34071874618530273, 0.24899254739284515, 0.18193475902080536, 0.1278957724571228, 0.12107444554567337, 0.022768903523683548, 0.021628016605973244, 0.020377367734909058, 0.016208000481128693, 0.01615326665341854, 0.01600349321961403, 0.013725257478654385, 0.012676868587732315, 0.011079701595008373, 0.010613142512738705, 0.010352306067943573], "edges": [[0, 3], [3, 4], [0, 2], [4, 5], [1, 6], [7, 9], [1, 7], [2, 8], [10, 12], [14, 20], [14, 17], [11, 15], [10, 19], [11, 13], [14, 18], [12, 13], [5, 8], [4, 9], [16, 18], [18, 19], [16, 20], [2, 6], [15, 20], [15, 17], [17, 20], [14, 16], [16, 19], [14, 15], [11, 17], [16, 17], [18, 20], [1, 13], [3, 12], [1, 12], [1, 10], [9, 18], [1, 19], [6, 8], [3, 15], [1, 9], [5, 17], [14, 19], [0, 11], [17, 18], [15, 19], [0, 4], [11, 19], [13, 18], [10, 15], [17, 19], [11, 18], [10, 11], [12, 15], [15, 18], [13, 19], [19, 20]], "edges-weights": [0.9664621353149414, 0.865403950214386, 0.8561965823173523, 0.6380603909492493, 0.49001309275627136, 0.39112022519111633, 0.3877323865890503, 0.22898566722869873, 0.21457508206367493, 0.18209165334701538, 0.16272945702075958, 0.1539383828639984, 0.15225371718406677, 0.1255536675453186, 0.1248331293463707, 0.11933739483356476, 0.11892297118902206, 0.10648806393146515, 0.08572681993246078, 0.08216258138418198, 0.07488016039133072, 0.07274473458528519, 0.07237622886896133, 0.06905142962932587, 0.06011053919792175, 0.05539330467581749, 0.014820539392530918, 0.009575196541845798, 0.008530760183930397, 0.0030959108844399452, 0.003067335346713662, 0.003033682005479932, 0.0027496612165123224, 0.0019392810063436627, 0.0010875656735152006, 0.0008071694173850119, 0.000656512042041868, 0.0005789871793240309, 0.0002922260609921068, 0.0002479736285749823, 0.0002076568634947762, 0.0001952335878740996, 9.240941290045157e-05, 6.6043583501596e-05, 4.933162563247606e-05, 4.613614873960614e-05, 4.084172906004824e-05, 4.0104863728629425e-05, 3.6541972804116085e-05, 2.3096947188605554e-05, 1.9070630514761433e-05, 1.873153269116301e-05, 1.7912094335770234e-05, 1.3197475709603168e-05, 1.215394695464056e-05, 1.1677947441057768e-05], "height": 512, "width": 512}