{"vertices": [[326.38916015625, 357.99169921875], [268.91278076171875, 423.0035705566406], [148.85804748535156, 187.0167236328125], [320.0002746582031, 384.0007019042969], [440.00921630859375, 272.0022888183594], [410.6693115234375, 329.76751708984375], [140.52206420898438, 151.00942993164062], [244.9622039794922, 97.15753936767578], [104.00157165527344, 212.77316284179688], [268.00347900390625, 441.9412841796875], [244.93231201171875, 225.87203979492188], [265.0897521972656, 238.9398193359375], [310.1236267089844, 230.07582092285156], [297.1863098144531, 237.66236877441406], [320.0416564941406, 213.31015014648438], [320.0458068847656, 205.35572814941406], [238.22305297851562, 213.4707794189453], [329.940673828125, 393.5286865234375], [238.47152709960938, 201.73184204101562], [312.784423828125, 190.04127502441406], [257.0505676269531, 180.9757080078125], [285.3780822753906, 240.71304321289062]], "vertices-score": [0.6456442475318909, 0.6015816330909729, 0.5935583114624023, 0.3817676901817322, 0.30547863245010376, 0.28944072127342224, 0.2291555404663086, 0.21076907217502594, 0.20125874876976013, 0.09459030628204346, 0.03124002180993557, 0.023858893662691116, 0.019975440576672554, 0.018080664798617363, 0.016869768500328064, 0.016156723722815514, 0.01412105280905962, 0.012582165189087391, 0.009789291769266129, 0.009750641882419586, 0.00904032215476036, 0.008319790475070477], "edges": [[1, 3], [0, 4], [2, 3], [4, 5], [1, 8], [6, 7], [2, 8], [2, 6], [0, 6], [2, 17], [10, 11], [10, 18], [12, 14], [11, 13], [9, 17], [15, 19], [12, 13], [14, 15], [16, 18], [10, 16], [18, 20], [5, 17], [14, 19], [11, 21], [12, 21], [12, 15], [13, 21], [0, 3], [11, 16], [13, 14], [10, 21], [16, 20], [7, 16], [11, 12], [7, 18], [13, 15], [7, 20], [0, 16], [8, 9], [1, 9], [7, 10], [11, 18], [3, 5], [2, 18], [12, 19], [2, 7], [3, 6], [3, 17], [2, 21], [15, 21], [10, 19], [6, 17], [16, 19], [0, 5], [18, 19], [13, 18], [11, 19], [19, 21], [13, 19]], "edges-weights": [0.9193233847618103, 0.8939357995986938, 0.8039132356643677, 0.5757567882537842, 0.5322916507720947, 0.5247732400894165, 0.5032134056091309, 0.4966135025024414, 0.46076700091362, 0.43149322271347046, 0.2733505368232727, 0.18801334500312805, 0.18202874064445496, 0.1442575603723526, 0.13994689285755157, 0.1390688419342041, 0.12773220241069794, 0.10998570173978806, 0.10318748652935028, 0.10058551281690598, 0.0986960381269455, 0.08728726953268051, 0.08029667288064957, 0.07437098026275635, 0.06371604651212692, 0.06156687065958977, 0.03981514275074005, 0.03955155238509178, 0.021265745162963867, 0.013765004463493824, 0.004032026045024395, 0.0034393996465951204, 0.002187484409660101, 0.0020092010963708162, 0.0010868690442293882, 0.0010131950257346034, 0.0009398176334798336, 0.0008613617392256856, 0.0008364539826288819, 0.0007010173285380006, 0.0006471493397839367, 0.0005316912429407239, 0.0004694672243203968, 0.0003625185345299542, 0.00015966736827977002, 0.00011892509792232886, 9.466461779084057e-05, 7.666179590160027e-05, 6.472600944107398e-05, 5.57539751753211e-05, 4.028620969620533e-05, 3.698123691719957e-05, 3.393877705093473e-05, 2.536985630285926e-05, 2.2106098185759038e-05, 2.1722409655922092e-05, 2.171002415707335e-05, 1.0809566447278485e-05, 9.860609679890331e-06], "height": 512, "width": 512}