{"vertices": [[430.2976379394531, 264.82073974609375], [381.3262939453125, 340.5704040527344], [82.6814193725586, 263.0171203613281], [412.21771240234375, 153.6920928955078], [100.83049011230469, 151.02001953125], [127.0165023803711, 339.01971435546875]], "vertices-score": [0.35798099637031555, 0.2520144581794739, 0.2233501672744751, 0.1944788545370102, 0.11753029376268387, 0.04683024808764458], "edges": [[2, 4], [0, 3], [0, 1], [2, 5], [3, 4]], "edges-weights": [0.6219472885131836, 0.6117931604385376, 0.5048113465309143, 0.4088786840438843, 0.12575827538967133], "height": 512, "width": 512}