{"vertices": [[249.07305908203125, 392.9610290527344], [161.77224731445312, 200.01438903808594], [312.72418212890625, 313.4387512207031], [308.0013427734375, 362.9249267578125], [414.1671447753906, 345.8040771484375], [156.74066162109375, 157.00975036621094], [438.01483154296875, 255.0112762451172], [115.02404022216797, 216.00172424316406], [123.0048599243164, 256.4337158203125], [259.0191345214844, 128.0001678466797], [249.55014038085938, 436.0003662109375], [320.7374267578125, 201.57559204101562], [242.27601623535156, 209.01939392089844], [241.72134399414062, 193.02597045898438], [309.350341796875, 217.06700134277344], [261.5409851074219, 221.14161682128906], [221.323486328125, 221.81472778320312], [305.9388122558594, 185.02696228027344]], "vertices-score": [0.7884991765022278, 0.6618315577507019, 0.5744953751564026, 0.560792863368988, 0.47953560948371887, 0.41770172119140625, 0.29621100425720215, 0.1729191392660141, 0.09521540254354477, 0.059012673795223236, 0.04536376893520355, 0.03786204382777214, 0.024855975061655045, 0.01837220974266529, 0.011734554544091225, 0.010009733028709888, 0.008574727922677994, 0.008521312847733498], "edges": [[0, 3], [2, 6], [1, 3], [0, 7], [4, 6], [1, 7], [2, 5], [1, 5], [5, 9], [12, 13], [4, 10], [7, 8], [11, 17], [11, 14], [8, 10], [12, 15], [2, 16], [5, 16], [14, 15], [4, 11], [13, 16], [9, 12], [9, 13], [2, 3], [0, 10], [2, 12], [3, 4], [9, 17], [3, 13], [2, 11], [4, 14], [0, 14], [1, 8], [2, 7], [9, 16], [1, 9], [5, 7], [0, 8], [7, 10], [3, 6], [2, 17], [8, 16], [8, 17], [14, 17], [3, 10], [11, 12], [12, 17], [1, 16], [15, 17], [11, 15]], "edges-weights": [0.9361016154289246, 0.9030653834342957, 0.8822520971298218, 0.7550088167190552, 0.7369565367698669, 0.49064794182777405, 0.47524040937423706, 0.45888960361480713, 0.4424964487552643, 0.32493361830711365, 0.30639731884002686, 0.2616194188594818, 0.21992091834545135, 0.1706385761499405, 0.16303865611553192, 0.15807978808879852, 0.07213805615901947, 0.04239960387349129, 0.008388041518628597, 0.0018981527537107468, 0.0016628338489681482, 0.0014548272592946887, 0.0012568299425765872, 0.001179470564238727, 0.0011584194144234061, 0.0010433621937409043, 0.0008820775547064841, 0.0007423193310387433, 0.0005290121771395206, 0.0005270519759505987, 0.0005040103569626808, 0.00037379900459200144, 0.0003360615810379386, 0.00029027956770733, 0.00023354253789875656, 0.00021649575501214713, 0.0001978598302230239, 0.00018288151477463543, 0.00014820658543612808, 0.0001026839527185075, 8.727092063054442e-05, 7.808958616806194e-05, 6.869812204968184e-05, 2.2747892217012122e-05, 2.0955378204234876e-05, 2.079770274576731e-05, 1.982803405553568e-05, 1.8866547179641202e-05, 1.3690987543668598e-05, 9.446096555620898e-06], "height": 512, "width": 512}