{"vertices": [[252.9786834716797, 336.996337890625], [322.0408020019531, 396.75762939453125], [93.08879852294922, 301.0507507324219], [252.82241821289062, 380.0010986328125], [117.74030303955078, 381.0102233886719], [319.0204772949219, 180.3203582763672], [368.0656433105469, 188.0828857421875], [316.0008850097656, 431.0107116699219], [323.0094909667969, 138.8647003173828], [209.3904571533203, 121.61927032470703], [266.4184265136719, 213.98614501953125], [265.02215576171875, 197.94393920898438], [185.1112060546875, 209.59742736816406], [213.546142578125, 234.0915069580078], [249.2626190185547, 229.7800750732422], [193.70364379882812, 225.5824737548828], [264.8625793457031, 341.2308349609375], [237.3681640625, 233.7440948486328], [200.95045471191406, 189.11032104492188], [189.70423889160156, 197.908203125]], "vertices-score": [0.69410240650177, 0.575319230556488, 0.5382518172264099, 0.5341191291809082, 0.2836807370185852, 0.24163028597831726, 0.214922696352005, 0.12370186299085617, 0.091887466609478, 0.059395287185907364, 0.04183884337544441, 0.033942002803087234, 0.01932739093899727, 0.018616164103150368, 0.017741316929459572, 0.016374869272112846, 0.014517348259687424, 0.0141416871920228, 0.012363954447209835, 0.00968585442751646], "edges": [[0, 2], [1, 3], [3, 5], [1, 6], [2, 4], [6, 7], [1, 7], [5, 8], [5, 6], [10, 11], [8, 9], [10, 14], [12, 15], [3, 16], [13, 15], [12, 18], [2, 9], [12, 19], [5, 16], [13, 14], [13, 17], [2, 16], [18, 19], [4, 7], [10, 17], [14, 17], [15, 17], [15, 19], [12, 13], [0, 5], [5, 11], [3, 8], [5, 10], [16, 17], [0, 10], [0, 3], [2, 12], [0, 16], [9, 12], [14, 16], [2, 19], [8, 16], [4, 14], [8, 14], [10, 13], [9, 18], [11, 14], [6, 11], [0, 4], [9, 19], [3, 6], [1, 16], [3, 7], [3, 17], [11, 17], [11, 13], [11, 15], [11, 12], [13, 18], [17, 18], [9, 15]], "edges-weights": [0.8806306719779968, 0.8577990531921387, 0.6340394616127014, 0.5834355354309082, 0.5437225103378296, 0.42626163363456726, 0.3736094534397125, 0.353343665599823, 0.35101863741874695, 0.29293835163116455, 0.261391818523407, 0.21299278736114502, 0.20474466681480408, 0.18118387460708618, 0.13710901141166687, 0.12575840950012207, 0.11053868383169174, 0.09709002077579498, 0.08849971741437912, 0.08840908110141754, 0.08168171346187592, 0.08156482875347137, 0.07211504131555557, 0.05613543093204498, 0.04262051731348038, 0.03477439284324646, 0.030354922637343407, 0.010878489352762699, 0.01040606014430523, 0.004063708242028952, 0.0033311520237475634, 0.0020445524714887142, 0.0019040710758417845, 0.001513177528977394, 0.0015006356406956911, 0.0014434575568884611, 0.001097430707886815, 0.0008695434662513435, 0.0007703126757405698, 0.0006657771300524473, 0.0005668905796483159, 0.0005544692976400256, 0.000551084172911942, 0.000497724860906601, 0.00031733448849990964, 0.00023847780539654195, 0.00019547126430552453, 0.0001684765738900751, 0.0001468969858251512, 0.00014279100287239999, 0.000129135005408898, 9.15033306227997e-05, 8.760418859310448e-05, 7.700168498558924e-05, 6.433769885916263e-05, 6.335588841466233e-05, 5.5993532441789284e-05, 5.0144393753726035e-05, 4.96833017678e-05, 4.1738716390682384e-05, 3.344641299918294e-05], "height": 512, "width": 512}