{"vertices": [[382.2890319824219, 208.98582458496094], [136.0013427734375, 251.00338745117188], [84.00108337402344, 252.9678192138672], [83.01555633544922, 319.01202392578125], [382.9538879394531, 306.19281005859375], [136.9103546142578, 183.0021209716797], [285.5692443847656, 169.1907501220703], [285.6025390625, 329.36767578125]], "vertices-score": [0.36209651827812195, 0.2833668887615204, 0.28166255354881287, 0.27096131443977356, 0.26694589853286743, 0.25059038400650024, 0.1693301796913147, 0.02304060198366642], "edges": [[0, 4], [1, 5], [1, 2], [2, 3], [5, 6], [0, 6], [4, 7], [3, 7], [0, 7], [1, 3]], "edges-weights": [0.7244553565979004, 0.6417524814605713, 0.484709769487381, 0.47805294394493103, 0.4441053867340088, 0.4240620732307434, 0.17400334775447845, 0.03205259516835213, 0.00017749634571373463, 2.4188222596421838e-05], "height": 512, "width": 512}