{"vertices": [[305.06134033203125, 386.4125061035156], [213.65176391601562, 149.29702758789062], [106.364501953125, 265.5345153808594], [80.75296020507812, 196.0015869140625], [183.0126953125, 128.92562866210938], [402.92529296875, 285.4022521972656], [393.7137451171875, 314.5548095703125], [296.7408752441406, 437.7655029296875], [224.86831665039062, 144.00698852539062], [414.7784729003906, 310.2198791503906], [427.00341796875, 279.0089111328125], [274.2756652832031, 225.31698608398438], [273.6456298828125, 249.07839965820312], [193.31983947753906, 249.38314819335938], [198.094482421875, 257.1729736328125], [233.55313110351562, 204.04481506347656], [412.3392028808594, 269.79937744140625], [221.3316192626953, 270.1117248535156], [261.8138122558594, 262.0177917480469], [190.5891571044922, 237.3550567626953], [257.1919860839844, 209.4210205078125], [264.9635925292969, 214.11050415039062], [196.99700927734375, 221.08267211914062], [249.58883666992188, 206.3717041015625]], "vertices-score": [0.7026732563972473, 0.2845800220966339, 0.2697635591030121, 0.22340354323387146, 0.22033116221427917, 0.1620238572359085, 0.13727840781211853, 0.13439978659152985, 0.13295294344425201, 0.10133584588766098, 0.07895556092262268, 0.04526675119996071, 0.024056855589151382, 0.021026505157351494, 0.017737554386258125, 0.014420264400541782, 0.014288777485489845, 0.014234887436032295, 0.013732746243476868, 0.011912012472748756, 0.010310864076018333, 0.009857731871306896, 0.008670328184962273, 0.00820732582360506], "edges": [[0, 5], [1, 4], [6, 10], [3, 4], [2, 3], [7, 9], [0, 3], [11, 12], [1, 8], [10, 16], [9, 10], [11, 20], [12, 18], [14, 17], [0, 16], [14, 19], [11, 21], [2, 7], [19, 22], [13, 19], [13, 14], [13, 22], [11, 23], [15, 20], [5, 6], [8, 10], [15, 21], [13, 17], [15, 23], [21, 23], [5, 16], [20, 21], [15, 22], [20, 23], [8, 16], [17, 18], [14, 22], [8, 15], [1, 20], [9, 16], [8, 23], [1, 23], [1, 10], [15, 16], [5, 10], [1, 15], [4, 13], [4, 10], [4, 8], [5, 9], [12, 21], [7, 10], [1, 16], [1, 13], [4, 22], [11, 16], [17, 19], [0, 7], [2, 22], [11, 18], [4, 19], [12, 17], [4, 20], [6, 7], [0, 6], [6, 9], [15, 17], [14, 15], [17, 23], [13, 20], [14, 23], [18, 20], [14, 20], [13, 21], [17, 20], [18, 19], [18, 21], [17, 22], [13, 23], [0, 9], [19, 23]], "edges-weights": [0.7640810012817383, 0.44800129532814026, 0.42514410614967346, 0.41572535037994385, 0.40910211205482483, 0.3209717571735382, 0.3044121265411377, 0.2575618624687195, 0.2407437115907669, 0.23246458172798157, 0.22914378345012665, 0.20881931483745575, 0.18034225702285767, 0.1755363494157791, 0.16953185200691223, 0.159682497382164, 0.15306317806243896, 0.14110954105854034, 0.12631548941135406, 0.1137533113360405, 0.094007208943367, 0.09319928288459778, 0.08930779248476028, 0.08894038200378418, 0.07951027154922485, 0.07935743033885956, 0.07401680946350098, 0.07191193848848343, 0.060920652002096176, 0.058037832379341125, 0.055776700377464294, 0.04074709489941597, 0.039581719785928726, 0.033506929874420166, 0.03291856497526169, 0.023557381704449654, 0.012068602256476879, 0.007022899575531483, 0.006427703890949488, 0.004422544036060572, 0.0041025797836482525, 0.003778655780479312, 0.0036178294103592634, 0.003543631173670292, 0.0031029300298541784, 0.0027724220417439938, 0.002680599456652999, 0.0024738817010074854, 0.0021157911978662014, 0.0018320743693038821, 0.0017306618392467499, 0.0014587317127734423, 0.0014443265972658992, 0.0013990926090627909, 0.0008737130556255579, 0.0008587893098592758, 0.0008557591936551034, 0.0005841870442964137, 0.000574732490349561, 0.0005718147149309516, 0.0004059608036186546, 0.00040010272641666234, 0.0003764330758713186, 0.00035284404293634, 0.00022036732116248459, 0.00016436965961474925, 6.692994065815583e-05, 4.5123102609068155e-05, 3.903256219928153e-05, 3.7589565181406215e-05, 3.642698356998153e-05, 3.5834189475281164e-05, 3.562844358384609e-05, 3.470941010164097e-05, 2.7592655897024088e-05, 2.7326679628458805e-05, 2.37658587138867e-05, 2.2544929379364476e-05, 2.1635247321682982e-05, 2.0231809685355984e-05, 1.279231673834147e-05], "height": 512, "width": 512}