{"vertices": [[134.8028106689453, 170.5688018798828], [259.0265197753906, 68.81461334228516], [260.00006103515625, 128.06918334960938], [73.07704162597656, 236.0861358642578], [144.1701202392578, 140.0470428466797], [88.1035385131836, 198.7759552001953], [389.743896484375, 269.240966796875], [409.3489990234375, 342.43646240234375], [253.1586151123047, 404.0017395019531]], "vertices-score": [0.5795674324035645, 0.3418859839439392, 0.31677383184432983, 0.2484111189842224, 0.24526172876358032, 0.2395947277545929, 0.15091472864151, 0.09884392470121384, 0.03857267275452614], "edges": [[1, 2], [0, 5], [0, 4], [1, 4], [3, 5], [6, 7], [2, 3], [7, 8], [2, 7], [3, 8], [1, 6], [0, 2], [2, 5], [0, 3]], "edges-weights": [0.7539311647415161, 0.6319495439529419, 0.6004716157913208, 0.4935165345668793, 0.35382571816444397, 0.34802815318107605, 0.23185692727565765, 0.21371975541114807, 0.1753987818956375, 0.1537591964006424, 0.1081090122461319, 0.00035186822060495615, 5.604000762104988e-05, 1.6864225472090766e-05], "height": 512, "width": 512}