{"vertices": [[261.6846618652344, 244.00013732910156], [200.00157165527344, 236.61154174804688], [227.01663208007812, 90.20417785644531], [426.9492492675781, 190.23727416992188], [237.63365173339844, 228.88038635253906], [245.2100372314453, 254.2470703125], [104.78832244873047, 358.5780334472656], [217.3134002685547, 253.33033752441406], [276.88031005859375, 426.2174377441406], [237.5356903076172, 256.8340148925781], [232.8119354248047, 74.81645202636719], [270.4635314941406, 265.1857604980469], [225.16448974609375, 228.00201416015625], [349.3409423828125, 134.00401306152344], [185.56878662109375, 257.5973815917969]], "vertices-score": [0.2352438122034073, 0.2004348337650299, 0.12920452654361725, 0.10799495130777359, 0.09609612822532654, 0.08434563130140305, 0.0820629745721817, 0.070143923163414, 0.06391493231058121, 0.06386064738035202, 0.05298701673746109, 0.05295603722333908, 0.044996555894613266, 0.028697950765490532, 0.02785373106598854], "edges": [[0, 9], [0, 4], [0, 5], [1, 7], [0, 11], [1, 12], [1, 14], [3, 8], [6, 8], [2, 10], [2, 3], [7, 9], [10, 13], [1, 4], [5, 7], [4, 12], [5, 9], [0, 12], [3, 13], [1, 9], [4, 9], [0, 7], [10, 14], [6, 9], [5, 11], [9, 11], [6, 14], [2, 14], [6, 7], [6, 12]], "edges-weights": [0.4732392728328705, 0.4707041084766388, 0.45475661754608154, 0.4343062937259674, 0.41670122742652893, 0.39567381143569946, 0.37174636125564575, 0.22099977731704712, 0.1750284731388092, 0.14452873170375824, 0.13773883879184723, 0.12289037555456161, 0.09684425592422485, 0.09329503774642944, 0.07529517263174057, 0.0640060156583786, 0.03509003296494484, 0.03327510878443718, 0.01658066362142563, 0.0032119760289788246, 0.0005977465771138668, 0.00032328482484444976, 0.00013186394062358886, 8.46859475132078e-05, 5.562614751397632e-05, 5.362708543543704e-05, 4.812439146917313e-05, 2.759247217909433e-05, 7.930440915515646e-06, 3.1058693821250927e-06], "height": 512, "width": 512}