{"vertices": [[157.62405395507812, 186.35545349121094], [172.03912353515625, 92.65560913085938], [78.32854461669922, 306.3134765625], [436.3973388671875, 298.3646545410156], [415.02410888671875, 209.16741943359375], [116.79781341552734, 185.81675720214844], [317.03192138671875, 376.000244140625], [89.05889129638672, 258.33648681640625], [107.01589965820312, 229.39906311035156], [232.92990112304688, 297.63800048828125], [232.18106079101562, 277.0345458984375]], "vertices-score": [0.7726597189903259, 0.28483620285987854, 0.2452326864004135, 0.21297793090343475, 0.16250750422477722, 0.11675103008747101, 0.08399495482444763, 0.06031336635351181, 0.05132375285029411, 0.011157925240695477, 0.009670417755842209], "edges": [[0, 1], [0, 2], [3, 4], [3, 6], [1, 5], [2, 7], [7, 8], [5, 8], [9, 10], [0, 3], [1, 4], [2, 6], [0, 5], [2, 8], [1, 7], [0, 8], [1, 8], [0, 7]], "edges-weights": [0.8409600257873535, 0.5853192210197449, 0.473422110080719, 0.3527495563030243, 0.22972358763217926, 0.21536825597286224, 0.21382272243499756, 0.19812408089637756, 0.18610285222530365, 0.08817998319864273, 0.06668392568826675, 0.06161917746067047, 0.0019189416198059916, 0.0010259868577122688, 0.00028814069810323417, 0.00019234100182075053, 0.00019161630189046264, 6.230052531464025e-05], "height": 512, "width": 512}