{"vertices": [[401.16119384765625, 256.02655029296875], [412.9090270996094, 216.10433959960938], [117.15645599365234, 313.25079345703125], [413.0245056152344, 333.6354675292969], [426.0986633300781, 300.0020446777344], [134.3307342529297, 397.1670227050781], [124.0000228881836, 366.447265625], [105.182861328125, 276.0007629394531], [360.72576904296875, 132.78102111816406], [94.94419860839844, 176.00389099121094], [209.16574096679688, 205.74057006835938], [229.67674255371094, 221.90982055664062], [265.53271484375, 221.4370574951172], [286.0893859863281, 205.72439575195312], [288.3196716308594, 193.87173461914062], [280.4638671875, 212.60287475585938], [212.3035888671875, 184.2581787109375], [245.62428283691406, 169.49688720703125], [269.365966796875, 173.66372680664062], [285.2532043457031, 185.7269287109375], [241.3341522216797, 224.16087341308594], [221.35922241210938, 217.83546447753906], [253.3927459716797, 224.04795837402344], [229.1357421875, 172.9524383544922], [276.9955139160156, 177.72500610351562]], "vertices-score": [0.7134612798690796, 0.5851736068725586, 0.47052380442619324, 0.4143553376197815, 0.38798046112060547, 0.31328055262565613, 0.21303382515907288, 0.16308775544166565, 0.14764663577079773, 0.05216442421078682, 0.026899870485067368, 0.026069827377796173, 0.025361979380249977, 0.023938804864883423, 0.022135211154818535, 0.019367406144738197, 0.01496542152017355, 0.012895672582089901, 0.01278770063072443, 0.011950632557272911, 0.010973556898534298, 0.010913759469985962, 0.010214539244771004, 0.009708990342915058, 0.009418949484825134], "edges": [[0, 2], [0, 1], [4, 6], [3, 4], [1, 7], [0, 4], [1, 8], [7, 9], [5, 6], [10, 16], [2, 7], [10, 11], [14, 24], [13, 19], [14, 15], [12, 13], [13, 14], [13, 15], [17, 18], [12, 15], [3, 5], [19, 24], [17, 24], [11, 12], [17, 23], [14, 19], [16, 23], [10, 21], [18, 19], [12, 20], [20, 22], [2, 6], [14, 18], [11, 21], [11, 22], [18, 23], [16, 17], [21, 22], [20, 21], [15, 22], [12, 22], [11, 20], [18, 24], [10, 20], [13, 22], [15, 20], [15, 19], [23, 24], [13, 24], [12, 21], [12, 14], [17, 19], [7, 23], [2, 9], [0, 18], [6, 7], [8, 15], [8, 13], [8, 12], [2, 5], [7, 10], [8, 14], [11, 15], [6, 10], [8, 18], [2, 16], [9, 23], [7, 11], [8, 24], [7, 15], [7, 20], [0, 13], [6, 20], [15, 24], [8, 19], [4, 12], [4, 20], [14, 22], [8, 17], [0, 11], [1, 4], [1, 20], [1, 12], [2, 23], [14, 17], [13, 18], [5, 19], [12, 19], [7, 18], [10, 24], [10, 19], [12, 24], [2, 22], [11, 18], [11, 19], [11, 23], [10, 14], [18, 20], [17, 22], [15, 17], [18, 21], [12, 16], [17, 20], [13, 17], [12, 17], [12, 23], [12, 18], [21, 23], [20, 23], [17, 21], [16, 22], [16, 20], [14, 21]], "edges-weights": [0.6793969869613647, 0.6417971253395081, 0.5328133702278137, 0.44863376021385193, 0.4378731846809387, 0.4090229868888855, 0.4077894687652588, 0.4064577519893646, 0.2925958037376404, 0.25542494654655457, 0.21097685396671295, 0.2059054672718048, 0.17621265351772308, 0.1660243421792984, 0.1621694266796112, 0.16139473021030426, 0.15584510564804077, 0.15212298929691315, 0.14376530051231384, 0.13810394704341888, 0.13371308147907257, 0.12393749505281448, 0.12167961895465851, 0.11097870767116547, 0.10911787301301956, 0.10853477567434311, 0.10512007772922516, 0.10364388674497604, 0.10209955275058746, 0.09842093288898468, 0.09676133096218109, 0.08487303555011749, 0.08358532935380936, 0.07791528850793839, 0.07632756233215332, 0.07455550879240036, 0.06572297215461731, 0.061903633177280426, 0.05872821807861328, 0.058274202048778534, 0.047074154019355774, 0.0306791290640831, 0.02970591001212597, 0.028560539707541466, 0.022808849811553955, 0.02034623920917511, 0.01892431266605854, 0.008822301402688026, 0.005458946339786053, 0.00484438007697463, 0.004624416586011648, 0.004513677675276995, 0.0032289728987962008, 0.0022903415374457836, 0.002215783344581723, 0.002082193735986948, 0.001929334132000804, 0.0018357823137193918, 0.0012683123350143433, 0.0010923274094238877, 0.0009876469848677516, 0.0008531261701136827, 0.0008438821532763541, 0.0007000687182880938, 0.0004934102762490511, 0.00045752787264063954, 0.00045284375664778054, 0.0004514193278737366, 0.0004507222620304674, 0.00040615920443087816, 0.0003753940691240132, 0.00035250294604338706, 0.00034266922739334404, 0.00033463601721450686, 0.00032677207491360605, 0.00028414305415935814, 0.00027863626019097865, 0.0002773838641587645, 0.0002483152784407139, 0.0002308973780600354, 0.0002259932953165844, 0.00021134137932676822, 0.00019768897618632764, 0.00019562229863367975, 0.0001671693753451109, 0.00013423801283352077, 0.0001258814154425636, 0.0001142487017204985, 9.759480599313974e-05, 4.658337275031954e-05, 4.497026020544581e-05, 4.0203158278018236e-05, 3.8752164982724935e-05, 3.6578650906449184e-05, 3.533488415996544e-05, 3.376523090992123e-05, 3.1765332096256316e-05, 3.0998631700640544e-05, 3.0094142857706174e-05, 2.9389657356659882e-05, 2.7006824893760495e-05, 2.674203278729692e-05, 2.6355455702287145e-05, 2.6077219445141964e-05, 2.5269722755183466e-05, 1.9177139620296657e-05, 1.8708307834458537e-05, 1.768035326676909e-05, 1.544003316666931e-05, 1.2902473827125505e-05, 1.198751760966843e-05, 1.1587003427848686e-05, 9.235326615453232e-06], "height": 512, "width": 512}