{"vertices": [[366.8274230957031, 173.40057373046875], [70.87332916259766, 285.0062255859375], [349.56390380859375, 94.58259582519531], [429.99957275390625, 312.0054016113281], [94.78359985351562, 204.00611877441406], [181.66671752929688, 382.64923095703125]], "vertices-score": [0.5051344037055969, 0.3159696161746979, 0.3094478249549866, 0.08411356061697006, 0.0632631778717041, 0.04881786182522774], "edges": [[0, 2], [1, 4], [1, 5], [0, 3], [2, 4], [0, 1], [3, 5], [2, 3]], "edges-weights": [0.7097309231758118, 0.5621597766876221, 0.45989271998405457, 0.2840843200683594, 0.13150766491889954, 0.0823899582028389, 0.05020599439740181, 0.0030178390443325043], "height": 512, "width": 512}