{"vertices": [[433.2947082519531, 280.7880859375], [102.78300476074219, 150.05723571777344], [418.38104248046875, 164.00045776367188], [88.12628173828125, 272.0005798339844], [372.2148132324219, 336.0316162109375], [121.6461181640625, 331.0030822753906]], "vertices-score": [0.3977005183696747, 0.16450394690036774, 0.138174369931221, 0.13219861686229706, 0.12188679724931717, 0.10289283841848373], "edges": [[0, 2], [1, 3], [0, 4], [3, 5], [1, 2], [4, 5], [1, 5]], "edges-weights": [0.6040059328079224, 0.5706425309181213, 0.45852118730545044, 0.36303433775901794, 0.10962168872356415, 0.035932909697294235, 4.612405064108316e-06], "height": 512, "width": 512}