{"vertices": [[289.5628356933594, 317.229248046875], [287.0132141113281, 367.0146789550781], [358.3399353027344, 372.0012512207031], [350.60308837890625, 413.8705139160156], [297.6250915527344, 183.0033721923828], [344.85601806640625, 185.7495574951172], [299.0168151855469, 140.68487548828125], [136.0284881591797, 399.0201416015625], [116.08089447021484, 307.00653076171875], [265.6206970214844, 213.30828857421875], [184.0070343017578, 136.03065490722656], [189.93414306640625, 198.21841430664062], [186.04421997070312, 217.17430114746094], [257.6443176269531, 222.10679626464844], [205.58824157714844, 229.53671264648438], [217.19241333007812, 186.5963897705078], [265.12738037109375, 201.399658203125], [249.21337890625, 189.52719116210938]], "vertices-score": [0.8762097954750061, 0.5277381539344788, 0.30151158571243286, 0.29596373438835144, 0.29535943269729614, 0.27332594990730286, 0.22857603430747986, 0.21563611924648285, 0.20679214596748352, 0.028263479471206665, 0.024760296568274498, 0.021537037566304207, 0.018322337418794632, 0.01573905348777771, 0.013822912238538265, 0.009889982640743256, 0.00959069188684225, 0.00953019317239523], "edges": [[0, 1], [1, 2], [0, 8], [4, 6], [7, 8], [4, 5], [6, 10], [2, 3], [12, 14], [11, 12], [11, 15], [9, 13], [16, 17], [4, 9], [15, 17], [2, 5], [8, 10], [3, 7], [9, 16], [4, 13], [4, 16], [13, 16], [4, 17], [10, 12], [9, 17], [0, 2], [13, 14], [10, 11], [6, 16], [6, 9], [8, 11], [8, 12], [7, 9], [6, 17], [6, 15], [1, 14], [0, 7], [5, 6], [10, 14], [13, 17], [14, 17], [12, 16], [14, 16], [12, 17]], "edges-weights": [0.9663224220275879, 0.9199272990226746, 0.8047595024108887, 0.5413783192634583, 0.4684886932373047, 0.36861056089401245, 0.2588202655315399, 0.24792319536209106, 0.18949492275714874, 0.17931273579597473, 0.17350496351718903, 0.16189786791801453, 0.14090296626091003, 0.1153324767947197, 0.11150681227445602, 0.11129920929670334, 0.10710450261831284, 0.10487166792154312, 0.04893406480550766, 0.04879581555724144, 0.04337639734148979, 0.03303363174200058, 0.012360385619103909, 0.00440792553126812, 0.004390829708427191, 0.0023548074532300234, 0.002162215067073703, 0.0013753047678619623, 0.0012931039091199636, 0.001169098075479269, 0.0007580568781122565, 0.0006306829745881259, 0.0006058126455172896, 0.0003769627946894616, 0.00024243038205895573, 0.00021943138563074172, 0.00016807194333523512, 6.162156932987273e-05, 5.7769033446675166e-05, 5.5458935094065964e-05, 3.712459511007182e-05, 3.209583883290179e-05, 2.8345335522317328e-05, 1.9008914023288526e-05], "height": 512, "width": 512}