{"vertices": [[392.8811340332031, 230.35101318359375], [158.2667694091797, 397.13507080078125], [404.0775146484375, 193.60047912597656], [413.3250427246094, 301.0678405761719], [426.5353088378906, 270.9522399902344], [134.91746520996094, 342.9904479980469], [122.23155975341797, 312.12054443359375], [76.68297576904297, 204.0448760986328], [167.015380859375, 420.0743713378906], [330.58331298828125, 113.39419555664062], [280.6848449707031, 209.09634399414062], [269.492919921875, 222.1873016357422], [281.4513244628906, 193.1542205810547], [210.27688598632812, 220.90211486816406], [201.28346252441406, 205.519775390625], [229.38661193847656, 230.202880859375], [253.54788208007812, 229.62179565429688], [201.25404357910156, 197.29534912109375], [268.9368896484375, 177.69114685058594], [261.42486572265625, 173.9381866455078], [209.6226043701172, 182.32879638671875]], "vertices-score": [0.7947916388511658, 0.5575243234634399, 0.48099735379219055, 0.3900880217552185, 0.3820433020591736, 0.25065794587135315, 0.24664823710918427, 0.11198367923498154, 0.08917326480150223, 0.07760649174451828, 0.03412846475839615, 0.02542262151837349, 0.020500047132372856, 0.019071228802204132, 0.017448680475354195, 0.012192032299935818, 0.011419081129133701, 0.010364609770476818, 0.009239266626536846, 0.00906851701438427, 0.00821175891906023], "edges": [[0, 5], [0, 2], [6, 7], [1, 4], [1, 5], [3, 4], [2, 6], [0, 4], [1, 8], [5, 7], [3, 8], [2, 9], [10, 11], [5, 6], [5, 8], [13, 14], [13, 15], [12, 18], [10, 12], [17, 20], [13, 17], [14, 20], [12, 19], [11, 16], [14, 17], [1, 6], [15, 16], [11, 15], [10, 16], [18, 19], [11, 12], [14, 15], [13, 16], [10, 18], [6, 20], [9, 10], [9, 11], [9, 12], [6, 17], [6, 15], [19, 20], [1, 15], [9, 19], [10, 15], [2, 4], [0, 19], [9, 18], [10, 19], [4, 10], [7, 20], [5, 14], [12, 16], [0, 12], [5, 10], [5, 17], [0, 15], [0, 8], [12, 15], [13, 18], [16, 18], [9, 17], [15, 18], [5, 12], [12, 14], [13, 19], [12, 13], [11, 18], [15, 20], [14, 18], [16, 19], [14, 19]], "edges-weights": [0.7003753185272217, 0.6703450679779053, 0.6359758377075195, 0.5759601593017578, 0.540774405002594, 0.4838627278804779, 0.4583774507045746, 0.4375494122505188, 0.3907068967819214, 0.3432982265949249, 0.3316574990749359, 0.304334819316864, 0.18770545721054077, 0.17869044840335846, 0.17703889310359955, 0.16824179887771606, 0.14817984402179718, 0.14691774547100067, 0.11461865901947021, 0.11218837648630142, 0.10998132824897766, 0.10612258315086365, 0.08844440430402756, 0.08619245886802673, 0.07262229174375534, 0.05010102689266205, 0.040541112422943115, 0.039005909115076065, 0.02900531329214573, 0.01829204335808754, 0.013199598528444767, 0.010466448031365871, 0.009638703428208828, 0.009304151870310307, 0.002623005071654916, 0.00218603597022593, 0.001686294679529965, 0.0015665084356442094, 0.001427633804269135, 0.001343766925856471, 0.001180772203952074, 0.000971244415268302, 0.0008789176354184747, 0.0007234379881992936, 0.0006384075386449695, 0.0005928384489379823, 0.0004911719588562846, 0.0004814429266843945, 0.00044480228098109365, 0.0004433384456206113, 0.00038240800495259464, 0.0003618707414716482, 0.00026150952908210456, 0.0001853534922702238, 0.00017169181955978274, 0.0001595451612956822, 8.849309233482927e-05, 8.514116780133918e-05, 6.35942560620606e-05, 5.695775325875729e-05, 5.553885057452135e-05, 5.27483643963933e-05, 4.262493894202635e-05, 3.9599635783815756e-05, 3.9098726119846106e-05, 3.7502664781641215e-05, 3.188570190104656e-05, 2.4929307983256876e-05, 2.281006527482532e-05, 2.2483094653580338e-05, 1.661886926740408e-05], "height": 512, "width": 512}