{"vertices": [[364.38629150390625, 332.19598388671875], [409.38818359375, 360.93609619140625], [372.065185546875, 278.5921630859375], [215.00213623046875, 324.01275634765625], [420.0001525878906, 313.8680419921875], [122.99263763427734, 165.34320068359375], [220.88742065429688, 428.03057861328125], [235.0218048095703, 144.10406494140625], [269.75384521484375, 213.4104461669922], [185.29946899414062, 213.66656494140625], [134.93966674804688, 250.08363342285156], [197.28945922851562, 229.46849060058594], [256.90460205078125, 228.75404357910156], [209.36119079589844, 233.78797912597656], [257.21954345703125, 198.574951171875], [281.0936584472656, 181.51034545898438]], "vertices-score": [0.8554350137710571, 0.4775024354457855, 0.38581621646881104, 0.37161222100257874, 0.2685621678829193, 0.1280834972858429, 0.0802036002278328, 0.047435060143470764, 0.03865731507539749, 0.03583230450749397, 0.034904595464468, 0.022639654576778412, 0.015227857045829296, 0.011565648019313812, 0.009252316318452358, 0.008573010563850403], "edges": [[0, 2], [0, 4], [2, 3], [3, 5], [1, 4], [5, 7], [9, 11], [1, 6], [8, 12], [8, 14], [5, 10], [11, 13], [2, 4], [7, 15], [12, 13], [6, 10], [9, 13], [2, 15], [7, 9], [3, 9], [8, 15], [7, 8], [14, 15], [12, 15], [3, 12], [3, 13], [2, 6], [10, 11], [3, 14], [12, 14], [13, 14], [11, 14], [3, 4], [8, 9], [8, 11]], "edges-weights": [0.9239294528961182, 0.8923277258872986, 0.8738836050033569, 0.6941543221473694, 0.5739372372627258, 0.29243895411491394, 0.26430636644363403, 0.2603553831577301, 0.25773105025291443, 0.24252469837665558, 0.15889766812324524, 0.07936365902423859, 0.058254946023225784, 0.04623541235923767, 0.04094083607196808, 0.039310164749622345, 0.03754831477999687, 0.011334147304296494, 0.004547132644802332, 0.0025948998518288136, 0.00257582007907331, 0.001969514414668083, 0.0012080358574166894, 0.0008729234687052667, 0.0007397361332550645, 0.0006892757955938578, 0.0004017781466245651, 0.00029155181255191565, 0.00012506185157690197, 7.151837780838832e-05, 2.0160914573352784e-05, 1.6770913134678267e-05, 1.4706464753544424e-05, 1.0873504834307823e-05, 5.836633135913871e-06], "height": 512, "width": 512}