{"vertices": [[410.5254211425781, 305.2000732421875], [368.0069274902344, 200.01956176757812], [368.0035400390625, 249.1433563232422], [81.68037414550781, 317.16064453125], [412.0001220703125, 252.8546600341797], [78.90596771240234, 198.84645080566406], [162.4785919189453, 269.4498291015625], [208.6508026123047, 353.9317626953125], [209.12179565429688, 276.0377197265625]], "vertices-score": [0.5085691809654236, 0.41481807827949524, 0.4060637652873993, 0.255351722240448, 0.1954413801431656, 0.16561362147331238, 0.14750997722148895, 0.07858658581972122, 0.020951813086867332], "edges": [[1, 2], [3, 5], [0, 4], [2, 6], [3, 7], [2, 4], [4, 6], [6, 8], [1, 5], [0, 7], [2, 8], [1, 4]], "edges-weights": [0.6889535784721375, 0.6293964982032776, 0.5791133046150208, 0.5731817483901978, 0.5258884429931641, 0.2273021787405014, 0.21279899775981903, 0.20121878385543823, 0.17209050059318542, 0.1575610190629959, 0.028651734814047813, 0.0004550282028503716], "height": 512, "width": 512}