{"vertices": [[168.1800994873047, 325.1337890625], [337.2391357421875, 281.9420471191406], [164.00299072265625, 262.9892883300781], [104.00011444091797, 316.66632080078125], [328.03955078125, 406.4903259277344], [111.026123046875, 372.03900146484375], [364.0742492675781, 167.0107879638672], [252.6411590576172, 159.01535034179688], [325.67864990234375, 206.559814453125], [217.6826934814453, 198.51953125], [241.79306030273438, 205.62344360351562], [208.02337646484375, 201.24949645996094], [261.45501708984375, 218.309814453125], [309.32867431640625, 218.17027282714844], [313.409423828125, 196.1468963623047]], "vertices-score": [0.867462158203125, 0.7423791885375977, 0.4409692585468292, 0.30180442333221436, 0.15629929304122925, 0.12782831490039825, 0.10126376152038574, 0.07514630258083344, 0.0627894476056099, 0.05677706375718117, 0.044977687299251556, 0.038938991725444794, 0.02481485903263092, 0.0162515752017498, 0.012859364971518517], "edges": [[0, 2], [0, 3], [1, 2], [1, 6], [3, 5], [8, 14], [6, 7], [10, 12], [7, 9], [8, 13], [4, 5], [12, 13], [7, 11], [9, 10], [10, 11], [9, 12], [9, 11], [2, 11], [2, 3], [2, 10], [1, 4], [11, 12], [6, 8], [1, 8], [2, 7], [2, 9], [6, 14], [1, 14], [6, 13], [1, 13], [0, 11], [0, 5]], "edges-weights": [0.9454355835914612, 0.8599116206169128, 0.7994765043258667, 0.7162655591964722, 0.3840550482273102, 0.31185048818588257, 0.23419390618801117, 0.2184593230485916, 0.2105385661125183, 0.18752864003181458, 0.08766096830368042, 0.07457881420850754, 0.044152382761240005, 0.03365815803408623, 0.029251590371131897, 0.02667720802128315, 0.02575763501226902, 0.020426874980330467, 0.006674186326563358, 0.005956606008112431, 0.004764326382428408, 0.004251842387020588, 0.0020936063956469297, 0.00176138652022928, 0.0008232699474319816, 0.0007548544090241194, 0.00028298323741182685, 0.0002030316973105073, 0.0001895792520372197, 0.0001242863800143823, 8.13557708170265e-05, 4.9805024900706485e-05], "height": 512, "width": 512}