{"vertices": [[434.2825622558594, 268.0079650878906], [409.64727783203125, 356.0024719238281], [88.8277359008789, 288.0002746582031], [112.84054565429688, 375.0209045410156], [392.4864807128906, 180.77401733398438], [108.011962890625, 194.14889526367188], [300.18182373046875, 225.53697204589844], [214.2648162841797, 229.21914672851562], [298.7642517089844, 237.94578552246094], [224.92298889160156, 212.8982696533203], [237.76788330078125, 253.4195098876953], [277.5466003417969, 253.2150421142578], [221.9364776611328, 244.52989196777344], [273.6759033203125, 205.1771240234375], [285.4322204589844, 249.48451232910156]], "vertices-score": [0.3782416582107544, 0.2567030191421509, 0.2169235497713089, 0.12639254331588745, 0.12426919490098953, 0.10209105908870697, 0.02236381731927395, 0.018755413591861725, 0.017016803845763206, 0.014943576417863369, 0.01316884532570839, 0.012320749461650848, 0.011805687099695206, 0.009549525566399097, 0.008828150108456612], "edges": [[0, 1], [2, 5], [0, 4], [2, 3], [6, 8], [7, 12], [7, 9], [8, 14], [1, 3], [10, 12], [8, 11], [11, 14], [10, 11], [6, 13], [6, 14], [7, 10], [9, 13], [10, 14], [4, 14], [6, 11], [5, 9], [9, 12], [11, 12], [2, 14], [2, 11], [0, 11], [8, 10], [3, 10], [8, 13], [6, 7], [10, 13], [12, 13], [6, 12], [13, 14], [9, 11], [9, 14], [11, 13], [9, 10], [7, 11]], "edges-weights": [0.6533052325248718, 0.5182788372039795, 0.5005391836166382, 0.4277727007865906, 0.23450328409671783, 0.1927327811717987, 0.17944034934043884, 0.15407954156398773, 0.14182154834270477, 0.12868492305278778, 0.11259881407022476, 0.051762670278549194, 0.04908883199095726, 0.04539818689227104, 0.021305250003933907, 0.01763065904378891, 0.013977025635540485, 0.005801305174827576, 0.0014668774092569947, 0.0014435998164117336, 0.0012917128624394536, 0.00124436616897583, 0.0007672898937016726, 0.0004457356408238411, 0.0004301296139601618, 0.0002696456795092672, 0.00011185001494595781, 0.00010443149221828207, 4.679347694036551e-05, 3.312517947051674e-05, 3.303965422674082e-05, 2.976266659970861e-05, 2.6757797968457453e-05, 2.550850149418693e-05, 2.0477027646848e-05, 1.8369431927567348e-05, 1.5012930816737935e-05, 1.4639926121162716e-05, 7.77525292505743e-06], "height": 512, "width": 512}