{"vertices": [[106.0950927734375, 240.7731475830078], [81.7348861694336, 310.6130065917969], [173.64686584472656, 128.6095733642578], [85.78262329101562, 255.0094451904297], [110.3344497680664, 184.10391235351562], [168.65933227539062, 272.0036926269531], [418.3692932128906, 204.02285766601562], [426.9989929199219, 311.0019836425781], [312.3599548339844, 306.3384704589844], [306.04583740234375, 333.4093933105469]], "vertices-score": [0.5981813669204712, 0.4928584694862366, 0.4383235573768616, 0.3718199133872986, 0.3348609507083893, 0.33031314611434937, 0.16841557621955872, 0.12338612228631973, 0.013112186454236507, 0.010893194004893303], "edges": [[2, 5], [1, 5], [2, 4], [0, 4], [0, 3], [6, 7], [1, 3], [5, 7], [7, 9], [2, 6], [1, 9], [0, 5], [7, 8], [6, 8], [5, 8], [0, 1], [0, 2], [1, 4]], "edges-weights": [0.7761957049369812, 0.6926426887512207, 0.684680700302124, 0.6403540968894958, 0.6346957683563232, 0.5500671863555908, 0.45343565940856934, 0.19384123384952545, 0.12170599400997162, 0.07394500076770782, 0.021126804873347282, 0.00175580068025738, 0.0013855287106707692, 0.0005753562436439097, 0.0005103833973407745, 9.16325589059852e-05, 3.68031433026772e-05, 1.2061447705491446e-05], "height": 512, "width": 512}