{"vertices": [[68.65995788574219, 257.28582763671875], [281.0576171875, 276.92694091796875], [252.97750854492188, 277.1286926269531], [372.8980407714844, 137.6017608642578], [84.6817855834961, 228.00091552734375], [361.41259765625, 116.1123046875], [431.0059814453125, 313.740478515625], [297.5677490234375, 285.5536193847656], [167.00454711914062, 399.0018005371094], [233.58509826660156, 289.2633972167969], [306.4306335449219, 297.3833312988281]], "vertices-score": [0.30236268043518066, 0.16440092027187347, 0.16381220519542694, 0.13501504063606262, 0.10435804724693298, 0.06904228776693344, 0.06236691772937775, 0.01693546399474144, 0.012882447801530361, 0.010493273846805096, 0.009634170681238174], "edges": [[1, 2], [0, 4], [0, 8], [3, 6], [2, 9], [1, 7], [1, 10], [0, 3], [3, 5], [7, 10], [4, 5], [5, 6], [2, 7], [3, 4], [3, 7], [2, 10], [1, 5], [1, 3], [2, 5], [2, 3]], "edges-weights": [0.41332173347473145, 0.37270286679267883, 0.30944210290908813, 0.1849745810031891, 0.1586899608373642, 0.15820097923278809, 0.11509820073843002, 0.09151815623044968, 0.08631429821252823, 0.07540058344602585, 0.053504250943660736, 0.0366222970187664, 0.0021559770684689283, 6.684356776531786e-05, 6.39509889879264e-05, 5.918015449424274e-05, 4.0232804167317227e-05, 3.8608712202403694e-05, 3.487736466922797e-05, 3.122471389360726e-05], "height": 512, "width": 512}