{"vertices": [[269.1760559082031, 94.07595825195312], [272.9354248046875, 118.99396514892578], [132.6868438720703, 117.1720962524414], [337.37677001953125, 109.01522827148438], [108.0033187866211, 177.0177764892578], [365.71917724609375, 378.9963073730469], [345.688232421875, 140.00125122070312], [193.3548583984375, 399.0122375488281]], "vertices-score": [0.6011523008346558, 0.5957612991333008, 0.27562215924263, 0.2559310793876648, 0.2553417980670929, 0.0703284740447998, 0.06786701083183289, 0.04256024956703186], "edges": [[0, 1], [1, 3], [0, 2], [2, 4], [3, 6], [5, 7], [4, 6], [5, 6], [4, 7], [3, 5], [1, 6], [0, 3], [0, 4]], "edges-weights": [0.7716114521026611, 0.5664206147193909, 0.5038043260574341, 0.39811649918556213, 0.18043777346611023, 0.17188258469104767, 0.12690302729606628, 0.0882832333445549, 0.07820872217416763, 0.004265697672963142, 0.000878745864611119, 0.000288210780126974, 9.588008106220514e-05], "height": 512, "width": 512}