{"vertices": [[285.6781311035156, 346.1435852050781], [220.00308227539062, 408.9214782714844], [175.01898193359375, 181.044921875], [282.9914245605469, 382.9925231933594], [429.5975341796875, 291.0126647949219], [169.51759338378906, 141.20970153808594], [402.31988525390625, 364.0016784667969], [281.06060791015625, 112.41926574707031], [126.99334716796875, 195.00050354003906], [223.00131225585938, 439.00164794921875], [322.2872314453125, 201.19017028808594], [321.5035400390625, 217.35028076171875], [241.68406677246094, 209.62472534179688], [309.2623291015625, 229.63217163085938], [244.9150390625, 217.7697296142578], [269.1379699707031, 234.529541015625], [246.375244140625, 193.56707763671875], [313.0181579589844, 189.8343048095703], [305.4632263183594, 185.37266540527344], [257.25555419921875, 229.69921875]], "vertices-score": [0.7131904363632202, 0.5024374127388, 0.4575594663619995, 0.41742414236068726, 0.32439056038856506, 0.2016388326883316, 0.15346741676330566, 0.07675622403621674, 0.06142688915133476, 0.04811951518058777, 0.0462908111512661, 0.03321588784456253, 0.02253533899784088, 0.02102079801261425, 0.020684121176600456, 0.017715701833367348, 0.016274116933345795, 0.009012473747134209, 0.008603199385106564, 0.008533132262527943], "edges": [[1, 3], [0, 4], [2, 3], [4, 6], [0, 5], [1, 8], [5, 7], [2, 8], [2, 5], [6, 9], [12, 16], [10, 18], [10, 11], [11, 13], [10, 17], [14, 15], [12, 19], [14, 19], [12, 14], [14, 16], [15, 19], [8, 9], [1, 9], [13, 15], [17, 18], [12, 15], [11, 17], [0, 3], [2, 15], [10, 13], [0, 10], [5, 19], [7, 16], [3, 6], [11, 18], [0, 13], [0, 2], [7, 14], [0, 14], [3, 5], [0, 15], [0, 19], [2, 7], [3, 11], [3, 13], [0, 18], [0, 17], [15, 18], [13, 18], [10, 15], [10, 12], [10, 14], [18, 19], [13, 17], [14, 17], [14, 18], [15, 17], [10, 19]], "edges-weights": [0.9347135424613953, 0.8980071544647217, 0.8540310263633728, 0.6534135937690735, 0.6270751357078552, 0.4852328300476074, 0.39284273982048035, 0.36353370547294617, 0.33595559000968933, 0.22978952527046204, 0.2294793277978897, 0.21343015134334564, 0.19759586453437805, 0.19050467014312744, 0.17303317785263062, 0.16593600809574127, 0.1301601231098175, 0.1131240501999855, 0.11233685165643692, 0.10549930483102798, 0.06110198795795441, 0.05450724437832832, 0.03416017070412636, 0.03335796669125557, 0.032223012298345566, 0.020887481048703194, 0.011938707903027534, 0.002933820243924856, 0.002268173499032855, 0.0016740915598347783, 0.0013228812022134662, 0.0012233281740918756, 0.0010374438716098666, 0.000779460824560374, 0.0007435912848450243, 0.0006950926617719233, 0.0006299845990724862, 0.00044105987763032317, 0.00039645953802391887, 0.0003732563345693052, 0.0003549479297362268, 0.00019143677491229028, 0.00017498843953944743, 0.00016300505376420915, 0.00015857133257668465, 0.00014000457304064184, 9.385959128849208e-05, 4.413234273670241e-05, 3.501667742966674e-05, 3.436936094658449e-05, 3.081894465140067e-05, 3.0280629289336503e-05, 2.665749707375653e-05, 2.645580389071256e-05, 2.524209594412241e-05, 2.497197056072764e-05, 2.1854604710824788e-05, 2.1278916392475367e-05], "height": 512, "width": 512}