{"vertices": [[72.06417846679688, 217.65611267089844], [394.12640380859375, 259.02545166015625], [408.9587097167969, 205.00070190429688], [144.96554565429688, 177.81248474121094], [380.46820068359375, 383.006591796875], [88.0009765625, 326.8101501464844], [402.8070068359375, 261.6651611328125], [202.14930725097656, 213.3242645263672], [288.2059631347656, 212.90505981445312], [404.0960998535156, 237.1669921875]], "vertices-score": [0.45857107639312744, 0.36933082342147827, 0.34816810488700867, 0.1780088096857071, 0.14153717458248138, 0.10911133885383606, 0.040054671466350555, 0.030772363767027855, 0.020788049325346947, 0.016528083011507988], "edges": [[0, 5], [1, 2], [0, 3], [1, 9], [2, 9], [2, 6], [4, 5], [4, 6], [6, 9], [2, 4], [1, 6], [4, 9], [2, 8], [1, 4], [3, 5]], "edges-weights": [0.618660032749176, 0.4238157868385315, 0.40155652165412903, 0.19302108883857727, 0.18750038743019104, 0.1825396716594696, 0.11428380012512207, 0.08731598407030106, 0.025322355329990387, 0.015000606887042522, 0.013115591369569302, 0.010226273909211159, 0.0058653163723647594, 0.003566683502867818, 0.00013786177441943437], "height": 512, "width": 512}