{"vertices": [[117.99650573730469, 248.78701782226562], [412.0005187988281, 206.50457763671875], [78.49413299560547, 311.005615234375], [80.62564086914062, 252.00042724609375], [388.03887939453125, 176.2151336669922], [416.0001525878906, 312.70672607421875], [120.00105285644531, 205.6108856201172]], "vertices-score": [0.5416730046272278, 0.3683375418186188, 0.36796388030052185, 0.19412143528461456, 0.18245257437229156, 0.13634862005710602, 0.13288405537605286], "edges": [[1, 5], [2, 3], [1, 4], [0, 3], [0, 6], [2, 5], [4, 6], [0, 2]], "edges-weights": [0.7664828300476074, 0.5061559081077576, 0.49835774302482605, 0.43913763761520386, 0.3612348735332489, 0.2735234797000885, 0.13105906546115875, 0.00011471374455140904], "height": 512, "width": 512}