{"vertices": [[264.69720458984375, 153.77845764160156], [374.4316711425781, 145.9446563720703], [384.0008239746094, 185.3050994873047], [426.9510192871094, 212.0465087890625], [440.0210266113281, 256.9884948730469], [263.0285949707031, 72.6307601928711], [117.19705963134766, 254.31060791015625], [100.00027465820312, 335.0249328613281], [249.81436157226562, 390.09674072265625]], "vertices-score": [0.73952716588974, 0.5546230673789978, 0.3855871856212616, 0.35620206594467163, 0.2500983476638794, 0.2403816431760788, 0.21626463532447815, 0.08483634144067764, 0.04209886118769646], "edges": [[1, 2], [0, 5], [2, 3], [6, 7], [1, 5], [3, 4], [0, 7], [7, 8], [5, 6], [0, 4], [4, 8]], "edges-weights": [0.8161706924438477, 0.7358655333518982, 0.6582169532775879, 0.560051679611206, 0.5414198040962219, 0.45897239446640015, 0.34822162985801697, 0.22534026205539703, 0.1637924611568451, 0.15742410719394684, 0.15103890001773834], "height": 512, "width": 512}