{"vertices": [[69.05133819580078, 269.30169677734375], [356.8986511230469, 98.63636016845703], [96.24275970458984, 196.9175262451172], [377.47869873046875, 163.013916015625], [428.00048828125, 318.112548828125], [170.3468780517578, 387.0190734863281]], "vertices-score": [0.3895586133003235, 0.32707592844963074, 0.27408841252326965, 0.18567265570163727, 0.030452709645032883, 0.024268215522170067], "edges": [[0, 2], [0, 5], [1, 3], [3, 4], [1, 2], [4, 5], [1, 4], [0, 3]], "edges-weights": [0.5763875246047974, 0.4468906819820404, 0.4390113055706024, 0.1872929334640503, 0.09200482815504074, 0.07926466315984726, 0.07155697792768478, 0.057226769626140594], "height": 512, "width": 512}