{"vertices": [[313.3370361328125, 369.42156982421875], [243.00498962402344, 353.98797607421875], [323.0239562988281, 200.7344512939453], [242.99346923828125, 295.00091552734375], [86.94530487060547, 264.1169738769531], [327.00518798828125, 156.8355712890625], [371.0272216796875, 208.07064819335938], [107.01056671142578, 369.26116943359375], [309.7466735839844, 421.0656433105469], [218.33592224121094, 142.96522521972656], [269.0087890625, 201.28126525878906], [186.1514892578125, 205.20687866210938], [257.70098876953125, 213.84400939941406], [257.26708984375, 189.32858276367188], [193.04183959960938, 193.27879333496094], [205.48626708984375, 217.97686767578125], [245.27792358398438, 218.34022521972656], [289.6713562011719, 217.6590118408203], [297.14031982421875, 205.12051391601562]], "vertices-score": [0.793784499168396, 0.5732928514480591, 0.3103082478046417, 0.3001546561717987, 0.24525882303714752, 0.24417850375175476, 0.23685786128044128, 0.18224257230758667, 0.09958339482545853, 0.09115288406610489, 0.07178710401058197, 0.04011114686727524, 0.023925727233290672, 0.018758565187454224, 0.00999846588820219, 0.00899865198880434, 0.008802534081041813, 0.008650391362607479, 0.00802221056073904], "edges": [[0, 1], [3, 4], [0, 6], [1, 2], [3, 5], [4, 7], [2, 6], [2, 5], [10, 13], [10, 12], [11, 14], [11, 15], [5, 9], [3, 17], [3, 18], [5, 18], [10, 16], [7, 8], [15, 16], [4, 9], [5, 17], [12, 16], [0, 8], [12, 15], [13, 18], [1, 3], [10, 18], [5, 10], [5, 12], [4, 11], [13, 14], [2, 10], [3, 10], [4, 14], [9, 11], [5, 16], [12, 18], [2, 13], [9, 13], [0, 3], [7, 17], [3, 16], [16, 17], [3, 12], [0, 2], [5, 6], [5, 13], [9, 14], [1, 8], [3, 6], [3, 13], [6, 18], [1, 5], [13, 16], [10, 15], [6, 17], [2, 3], [13, 15]], "edges-weights": [0.9500285983085632, 0.885005533695221, 0.841269850730896, 0.8260370492935181, 0.6509497761726379, 0.5556772947311401, 0.48717784881591797, 0.4507870078086853, 0.3078593909740448, 0.2935321629047394, 0.2610786557197571, 0.21651054918766022, 0.18097025156021118, 0.1346944272518158, 0.10569049417972565, 0.09927237033843994, 0.08637484163045883, 0.08554858714342117, 0.08409693837165833, 0.08351151645183563, 0.06741157919168472, 0.0402684323489666, 0.013493610545992851, 0.0042089796625077724, 0.004157592076808214, 0.0031597097404301167, 0.0029877368360757828, 0.0027521660085767508, 0.002341828541830182, 0.0018963116453960538, 0.001658259890973568, 0.00133005459792912, 0.001081988331861794, 0.0008242747280746698, 0.0007763521862216294, 0.0007384883938357234, 0.000715443107765168, 0.000621788902208209, 0.0004851442645303905, 0.00043091224506497383, 0.00032203164300881326, 0.00027937497361563146, 0.0002717677562031895, 0.00023170807980932295, 0.00019710720516741276, 0.00018586512305773795, 0.00016648060409352183, 0.00016397768922615796, 0.00015767122386023402, 0.00013694111839868128, 0.00010101708176080137, 6.221776129677892e-05, 4.704130333266221e-05, 2.189584483858198e-05, 1.4974967598391231e-05, 1.2903298738820013e-05, 1.2201167010061909e-05, 9.289695299230516e-06], "height": 512, "width": 512}