{"vertices": [[120.75040435791016, 197.94570922851562], [81.61892700195312, 225.06048583984375], [70.146240234375, 274.5693359375], [129.07444763183594, 154.44190979003906], [232.66615295410156, 78.39720153808594], [228.74606323242188, 175.0216064453125], [399.029052734375, 240.7916259765625], [416.0387878417969, 328.0054931640625], [272.0076904296875, 379.0164794921875]], "vertices-score": [0.6265575289726257, 0.5410942435264587, 0.356230229139328, 0.33064424991607666, 0.2560405135154724, 0.23949262499809265, 0.20975573360919952, 0.12237105518579483, 0.01935059390962124], "edges": [[6, 7], [0, 1], [3, 4], [0, 3], [1, 2], [2, 5], [7, 8], [4, 6], [5, 7], [2, 8], [4, 5], [0, 5]], "edges-weights": [0.6748039126396179, 0.6650984287261963, 0.6172004342079163, 0.5549926161766052, 0.4486424922943115, 0.40486234426498413, 0.3240591585636139, 0.2273072898387909, 0.17730188369750977, 0.11532299220561981, 0.004801349248737097, 0.0008847934659570456], "height": 512, "width": 512}