{"vertices": [[301.04217529296875, 261.2433166503906], [282.36370849609375, 189.4990997314453], [230.4412078857422, 132.8719940185547], [377.0187683105469, 278.744384765625], [228.71250915527344, 200.10617065429688], [83.00995635986328, 287.01190185546875], [94.0307388305664, 162.29017639160156], [300.2354431152344, 188.00054931640625], [380.00152587890625, 327.0216369628906], [230.425048828125, 338.32293701171875], [268.01190185546875, 312.5120849609375], [191.0113525390625, 312.26373291015625]], "vertices-score": [0.6663172841072083, 0.6222092509269714, 0.49819841980934143, 0.3612162470817566, 0.2727017402648926, 0.215087890625, 0.19120126962661743, 0.1906072050333023, 0.12874968349933624, 0.03718223795294762, 0.011319532990455627, 0.010171842761337757], "edges": [[0, 8], [1, 4], [0, 7], [5, 6], [3, 7], [4, 7], [3, 8], [2, 4], [2, 6], [1, 2], [1, 7], [0, 5], [5, 9], [8, 9], [4, 10], [5, 11], [0, 10], [2, 7], [8, 10], [1, 3], [9, 11], [0, 1], [10, 11], [9, 10]], "edges-weights": [0.7390928864479065, 0.6911734342575073, 0.666462242603302, 0.6553035974502563, 0.6347017884254456, 0.5723002552986145, 0.5656667947769165, 0.54012131690979, 0.5231632590293884, 0.5098442435264587, 0.39686572551727295, 0.2678082287311554, 0.2168080359697342, 0.15529488027095795, 0.0021120794117450714, 0.0018781357211992145, 0.0010191993787884712, 0.0009891064837574959, 0.0009750443859957159, 0.0008803512318991125, 0.00043246097629889846, 0.00027166001382283866, 0.00020391323778312653, 0.00017433658649679273], "height": 512, "width": 512}