{"vertices": [[111.01905822753906, 272.99896240234375], [80.81761932373047, 262.0921630859375], [109.28378295898438, 256.0064697265625], [84.79414367675781, 318.6687927246094], [410.3002624511719, 300.7664489746094], [201.448486328125, 229.35586547851562], [107.00135803222656, 209.7218017578125], [416.8608093261719, 196.0117645263672], [204.69776916503906, 379.0099182128906], [237.5096435546875, 202.99977111816406], [314.2966613769531, 202.77574157714844]], "vertices-score": [0.7195097208023071, 0.6840264797210693, 0.4653538763523102, 0.3907081186771393, 0.36117124557495117, 0.3592807948589325, 0.33165082335472107, 0.331587016582489, 0.1235400065779686, 0.040951937437057495, 0.03251185640692711], "edges": [[0, 1], [4, 7], [0, 2], [1, 3], [3, 8], [5, 6], [1, 2], [5, 7], [0, 6], [2, 6], [4, 8], [9, 10], [6, 9], [5, 10], [7, 10], [7, 9], [1, 5], [0, 3], [2, 5], [2, 3], [0, 5]], "edges-weights": [0.7659483551979065, 0.7492375373840332, 0.7143573760986328, 0.6575217843055725, 0.5891065001487732, 0.509071409702301, 0.34109461307525635, 0.31264257431030273, 0.31056728959083557, 0.28865712881088257, 0.22785454988479614, 0.012868859805166721, 0.00502034043893218, 0.00306249363347888, 0.0019858237355947495, 0.00041060184594243765, 0.00014164038293529302, 0.0001389040844514966, 9.566225344315171e-05, 3.42224448104389e-05, 1.6329995560226962e-05], "height": 512, "width": 512}