{"vertices": [[142.55618286132812, 312.9669494628906], [297.4875793457031, 368.790283203125], [152.00009155273438, 352.0536193847656], [108.66399383544922, 365.60162353515625], [96.00055694580078, 330.9827880859375], [249.55892944335938, 160.0009765625], [274.43194580078125, 125.73999786376953], [290.5550842285156, 438.1325988769531], [229.56137084960938, 155.0087890625], [325.19256591796875, 229.9857635498047], [391.0189514160156, 154.17877197265625], [324.1517333984375, 217.64881896972656], [305.3917236328125, 249.1930389404297], [297.34149169921875, 196.4990234375], [312.5270080566406, 245.55136108398438], [269.1472473144531, 196.20635986328125], [374.7479553222656, 233.4752655029297], [249.545654296875, 205.88986206054688], [244.45481872558594, 233.8361358642578], [241.65806579589844, 217.4159698486328], [241.32901000976562, 225.55372619628906], [265.6550598144531, 250.2537384033203], [273.3324279785156, 252.21578979492188]], "vertices-score": [0.8077288269996643, 0.7424828410148621, 0.3884737491607666, 0.3547532856464386, 0.29526880383491516, 0.28112006187438965, 0.2680469751358032, 0.18979381024837494, 0.1782607138156891, 0.059814296662807465, 0.04488544538617134, 0.03997430577874184, 0.027674729004502296, 0.024226641282439232, 0.024203138425946236, 0.023265529423952103, 0.021511990576982498, 0.020171960815787315, 0.014845430850982666, 0.013025663793087006, 0.01146671548485756, 0.010809920728206635, 0.010619324631989002], "edges": [[0, 2], [0, 1], [2, 4], [1, 10], [5, 6], [3, 4], [5, 8], [6, 10], [9, 14], [9, 11], [13, 15], [3, 7], [9, 12], [17, 20], [18, 19], [17, 19], [18, 21], [12, 22], [15, 17], [12, 21], [10, 16], [19, 20], [18, 22], [18, 20], [15, 19], [14, 22], [4, 8], [11, 13], [20, 21], [7, 16], [21, 22], [12, 14], [17, 18], [5, 17], [5, 19], [14, 21], [20, 22], [11, 14], [0, 4], [5, 13], [15, 20], [5, 15], [0, 5], [10, 14], [10, 12], [8, 17], [1, 22], [8, 18], [19, 21], [1, 11], [8, 19], [4, 5], [7, 18], [1, 2], [5, 10], [8, 13], [11, 12], [2, 20], [8, 15], [11, 16], [2, 18], [9, 13], [13, 21], [13, 22], [15, 22], [12, 13], [11, 20], [13, 14], [17, 22], [11, 19], [13, 18], [15, 18], [15, 21], [1, 16], [1, 3], [1, 4]], "edges-weights": [0.9703248739242554, 0.9092166423797607, 0.8751571774482727, 0.5939498543739319, 0.5390026569366455, 0.5322743058204651, 0.29188647866249084, 0.27703675627708435, 0.2730007767677307, 0.23900729417800903, 0.20428913831710815, 0.1911143660545349, 0.187667116522789, 0.15432456135749817, 0.14394937455654144, 0.13501639664173126, 0.13089005649089813, 0.1296597570180893, 0.12613274157047272, 0.10900972783565521, 0.10182935744524002, 0.09396244585514069, 0.0771905779838562, 0.07190855592489243, 0.071908138692379, 0.0670115277171135, 0.05333133786916733, 0.0458260178565979, 0.04363720864057541, 0.04282281920313835, 0.03305324167013168, 0.031941257417201996, 0.027845675125718117, 0.016660235822200775, 0.01558744441717863, 0.010063829831779003, 0.007770236115902662, 0.007703308016061783, 0.0027516870759427547, 0.002738249022513628, 0.002654523588716984, 0.002633331809192896, 0.0023842600639909506, 0.002354038879275322, 0.002254133578389883, 0.0019053781870752573, 0.0017083040438592434, 0.0015632319264113903, 0.0015034927055239677, 0.0010796223068609834, 0.0009659160277806222, 0.0006199958152137697, 0.0005318316980265081, 0.00047958767390809953, 0.00047695485409349203, 0.0004174490459263325, 0.00032057170756161213, 0.0003171490679960698, 0.0002908665919676423, 0.0002048755850410089, 0.00019148168212268502, 0.00012560862523969263, 0.00011033812188543379, 0.00010355417907703668, 8.408388384850696e-05, 7.560425001429394e-05, 6.674815085716546e-05, 6.641494110226631e-05, 4.860460467170924e-05, 4.812117913388647e-05, 4.741959855891764e-05, 4.4783835619455203e-05, 4.168239320279099e-05, 2.3246064301929437e-05, 1.810834146453999e-05, 1.6650468751322478e-05], "height": 512, "width": 512}