{"vertices": [[357.2911376953125, 317.85345458984375], [73.70817565917969, 213.0589141845703], [413.6667785644531, 230.3046417236328], [161.66720581054688, 156.97531127929688], [94.8678207397461, 304.7409362792969], [408.0163879394531, 244.74244689941406], [342.9263610839844, 416.0032958984375], [421.9133605957031, 249.7617645263672], [404.0002136230469, 278.9151306152344], [412.1644287109375, 292.9823303222656], [197.57455444335938, 229.35128784179688], [280.7530212402344, 228.95497131347656], [265.4455871582031, 241.39808654785156], [213.22390747070312, 242.05812072753906], [198.3291473388672, 217.51779174804688], [272.96771240234375, 237.31375122070312], [273.7110290527344, 209.08633422851562], [221.10494995117188, 245.01609802246094]], "vertices-score": [0.7634595632553101, 0.5213069319725037, 0.3867276906967163, 0.2709442675113678, 0.26157787442207336, 0.17284101247787476, 0.12873192131519318, 0.10195435583591461, 0.06583182513713837, 0.06163095682859421, 0.04789876565337181, 0.024411000311374664, 0.02097262442111969, 0.019618907943367958, 0.015772299841046333, 0.014593806117773056, 0.010573361068964005, 0.009953762404620647], "edges": [[0, 2], [1, 4], [1, 3], [0, 5], [2, 5], [7, 9], [10, 14], [10, 13], [6, 9], [2, 8], [11, 15], [11, 12], [10, 17], [5, 8], [4, 6], [0, 1], [11, 16], [7, 8], [12, 17], [13, 17], [12, 15], [5, 7], [12, 13], [15, 17], [13, 14], [0, 6], [2, 16], [1, 14], [1, 17], [1, 13], [6, 8], [15, 16], [4, 17], [4, 13], [4, 12], [0, 9], [0, 8], [6, 7], [4, 10], [12, 16], [16, 17], [10, 16], [13, 16], [12, 14]], "edges-weights": [0.8634004592895508, 0.5823444128036499, 0.4664236605167389, 0.42258304357528687, 0.3790183663368225, 0.3033089339733124, 0.2650794982910156, 0.2514221668243408, 0.2421444058418274, 0.22525832056999207, 0.1840989738702774, 0.18031901121139526, 0.15520642697811127, 0.14741164445877075, 0.14610619843006134, 0.14054711163043976, 0.08838240802288055, 0.08211658149957657, 0.07760833948850632, 0.06153032183647156, 0.04168279841542244, 0.033228568732738495, 0.032968081533908844, 0.02298203855752945, 0.013284771703183651, 0.0045019215904176235, 0.0009632008150219917, 0.000416765920817852, 0.00041426552343182266, 0.0003669381549116224, 0.00035107697476632893, 0.00028578782803379, 0.00026726332725957036, 0.0002626441710162908, 0.00026083842385560274, 0.00024459962151013315, 0.0002364018582738936, 0.00022213469492271543, 0.00013239889813121408, 7.555984484497458e-05, 4.4444412196753547e-05, 3.260317680542357e-05, 3.1778541597304866e-05, 1.9361728845979087e-05], "height": 512, "width": 512}