{"vertices": [[265.01116943359375, 134.2978973388672], [249.404052734375, 138.99026489257812], [328.49298095703125, 168.06875610351562], [320.000244140625, 121.30011749267578], [251.00042724609375, 97.74066162109375], [92.00032806396484, 220.03086853027344], [114.83623504638672, 132.91390991210938], [375.0001525878906, 359.0003662109375], [212.71214294433594, 384.00152587890625]], "vertices-score": [0.553358793258667, 0.4122484624385834, 0.2719056010246277, 0.22593863308429718, 0.2103910595178604, 0.17810995876789093, 0.1276845484972, 0.051555488258600235, 0.011347872205078602], "edges": [[1, 3], [1, 4], [2, 3], [5, 6], [0, 1], [0, 4], [0, 3], [2, 7], [4, 6], [3, 7], [2, 5], [7, 8], [5, 8], [3, 4]], "edges-weights": [0.5721036791801453, 0.5708194971084595, 0.5703418850898743, 0.5557929277420044, 0.4669646918773651, 0.45686405897140503, 0.44164809584617615, 0.39128899574279785, 0.38251811265945435, 0.18293443322181702, 0.14668682217597961, 0.10858617722988129, 0.08264385908842087, 0.0004859005275648087], "height": 512, "width": 512}