{"vertices": [[349.0579528808594, 241.3974609375], [349.53094482421875, 193.9644317626953], [256.491943359375, 293.58551025390625], [194.90597534179688, 284.0005798339844], [394.8487854003906, 246.267822265625], [393.37225341796875, 294.99127197265625], [76.63239288330078, 204.00064086914062], [83.01081085205078, 328.37420654296875], [254.98513793945312, 369.686279296875]], "vertices-score": [0.8753600716590881, 0.5703176856040955, 0.5629472732543945, 0.5089508891105652, 0.4049307703971863, 0.2700847089290619, 0.15741916000843048, 0.08461055159568787, 0.05947436764836311], "edges": [[2, 3], [0, 3], [0, 1], [2, 4], [6, 7], [5, 8], [4, 5], [0, 4], [7, 8], [1, 6], [1, 4], [1, 5]], "edges-weights": [0.9413926005363464, 0.904806911945343, 0.8450367450714111, 0.841115415096283, 0.640352725982666, 0.5968272089958191, 0.5566462874412537, 0.5253776907920837, 0.2954733669757843, 0.007799738552421331, 0.00043719314271584153, 3.501300307107158e-05], "height": 512, "width": 512}