{"vertices": [[417.2842712402344, 321.18243408203125], [173.36392211914062, 128.00027465820312], [214.22769165039062, 220.0001983642578], [72.04731750488281, 292.43524169921875], [410.3319091796875, 271.006103515625], [169.5992889404297, 181.83351135253906], [88.13072967529297, 188.00169372558594], [217.07749938964844, 153.93565368652344], [280.02337646484375, 358.2716369628906]], "vertices-score": [0.4306429326534271, 0.3157060146331787, 0.28320300579071045, 0.2824918329715729, 0.27156567573547363, 0.18186089396476746, 0.11534938216209412, 0.0939214751124382, 0.014708084054291248], "edges": [[1, 6], [2, 3], [3, 6], [0, 4], [0, 2], [1, 7], [1, 5], [0, 8], [2, 7], [1, 4], [4, 7], [5, 7], [3, 8], [2, 5], [5, 6], [2, 6]], "edges-weights": [0.6936932802200317, 0.6836220026016235, 0.5737647414207458, 0.5452558994293213, 0.3876861035823822, 0.35879644751548767, 0.3078526258468628, 0.2648216485977173, 0.1594417244195938, 0.103519506752491, 0.09575946629047394, 0.08958211541175842, 0.07969895750284195, 0.03497912362217903, 0.0026589923072606325, 0.00023825802782084793], "height": 512, "width": 512}