{"vertices": [[293.896240234375, 376.9691467285156], [232.53684997558594, 405.3469543457031], [297.42291259765625, 336.0087890625], [433.7385559082031, 277.149658203125], [168.86093139648438, 188.00146484375], [408.0032043457031, 356.0032653808594], [121.45606994628906, 204.0020294189453], [164.0000762939453, 148.0015411376953], [234.1753692626953, 440.0003967285156], [321.9149169921875, 200.84400939941406], [321.1295471191406, 213.1647491455078], [241.40301513671875, 209.30328369140625], [272.0095520019531, 116.30704498291016], [246.06068420410156, 217.0709686279297], [248.90322875976562, 189.02064514160156], [309.2074890136719, 225.0981903076172], [305.9820251464844, 185.0918426513672], [265.39691162109375, 229.5090789794922], [297.40625, 229.9073028564453], [269.2232360839844, 180.1193084716797], [297.2838134765625, 181.392333984375]], "vertices-score": [0.8131664395332336, 0.7680701613426208, 0.6647717952728271, 0.468010812997818, 0.4531722664833069, 0.17277434468269348, 0.1279003769159317, 0.08399704843759537, 0.06669586896896362, 0.03969328850507736, 0.032646313309669495, 0.028730260208249092, 0.025981664657592773, 0.023955591022968292, 0.020608093589544296, 0.019683782011270523, 0.014017289504408836, 0.013835955411195755, 0.011409659869968891, 0.010024197399616241, 0.009816518053412437], "edges": [[0, 1], [2, 3], [0, 4], [1, 6], [3, 5], [2, 7], [4, 6], [4, 7], [7, 12], [9, 16], [10, 15], [5, 8], [11, 14], [13, 17], [9, 10], [11, 13], [11, 17], [19, 20], [14, 19], [16, 19], [17, 18], [9, 20], [10, 18], [15, 18], [16, 20], [15, 17], [9, 15], [1, 8], [2, 9], [0, 2], [12, 19], [10, 16], [1, 17], [12, 14], [0, 5], [6, 8], [5, 10], [13, 18], [11, 19], [5, 15], [4, 12], [0, 10], [12, 13], [0, 15], [0, 7], [9, 18], [2, 4], [2, 16], [0, 19], [16, 18], [9, 17], [17, 20], [9, 11], [13, 20], [15, 16], [9, 13], [13, 16], [16, 17], [0, 8], [11, 16]], "edges-weights": [0.938610315322876, 0.8992182016372681, 0.8420577645301819, 0.6898354291915894, 0.688836932182312, 0.469328910112381, 0.43877533078193665, 0.40852728486061096, 0.3961391746997833, 0.25177904963493347, 0.19644783437252045, 0.1842331886291504, 0.17387574911117554, 0.15968634188175201, 0.1509135365486145, 0.14388632774353027, 0.10764528810977936, 0.10012619197368622, 0.0991610586643219, 0.06925931572914124, 0.06128345802426338, 0.0600559301674366, 0.0592341385781765, 0.05565004423260689, 0.03235982730984688, 0.02949764020740986, 0.02140985056757927, 0.0036922323051840067, 0.003092378145083785, 0.002157473238185048, 0.002131509827449918, 0.0020665153861045837, 0.0015122743789106607, 0.0013982794480398297, 0.0011691260151565075, 0.0011534090153872967, 0.0011521022533997893, 0.001076202723197639, 0.0009540879400447011, 0.0009397629764862359, 0.0006345634465105832, 0.000519732479006052, 0.00033119431464001536, 0.0002989500935655087, 0.00023870209406595677, 0.00015957605501171201, 0.00012361763219814748, 0.0001199919861392118, 7.731357618467882e-05, 7.728748460067436e-05, 7.251816714415327e-05, 4.041419015266001e-05, 4.040054773213342e-05, 3.0060065910220146e-05, 2.5850613383227028e-05, 2.375210533500649e-05, 2.3547787350253202e-05, 2.2038275346858427e-05, 1.8126878785551526e-05, 1.6051411876105703e-05], "height": 512, "width": 512}