{"vertices": [[262.9878234863281, 384.0775146484375], [319.0010681152344, 352.9828186035156], [417.57135009765625, 338.41949462890625], [156.00416564941406, 207.02090454101562], [117.75241088867188, 265.7241516113281], [324.0337219238281, 300.00006103515625], [110.84288787841797, 224.0015106201172], [440.00067138671875, 242.2570037841797], [250.71495056152344, 134.0763702392578], [152.0001220703125, 164.00360107421875], [262.52142333984375, 432.0003356933594], [320.0169372558594, 201.0060272216797], [308.9847717285156, 213.2809600830078], [240.89639282226562, 205.5902099609375], [238.01153564453125, 197.69984436035156], [249.8022003173828, 213.14987182617188], [265.3876647949219, 218.3018035888672]], "vertices-score": [0.6357452869415283, 0.6137033700942993, 0.4526821970939636, 0.40014711022377014, 0.350944459438324, 0.3197396993637085, 0.313163697719574, 0.19061075150966644, 0.1840168982744217, 0.11980852484703064, 0.037306830286979675, 0.024396296590566635, 0.022172853350639343, 0.017271187156438828, 0.01722840778529644, 0.009838143363595009, 0.008708823472261429], "edges": [[0, 1], [5, 7], [1, 3], [0, 6], [2, 7], [5, 9], [3, 9], [4, 6], [3, 6], [8, 9], [11, 12], [2, 10], [4, 10], [14, 15], [13, 16], [13, 15], [13, 14], [15, 16], [12, 16], [14, 16], [7, 11], [8, 14], [1, 5], [9, 14], [9, 16], [12, 15], [0, 10], [8, 11], [6, 9], [0, 5], [1, 11], [5, 6], [3, 4], [6, 14], [3, 12], [1, 7], [1, 10], [11, 16], [6, 8], [1, 12], [6, 13], [12, 13], [11, 13], [11, 15]], "edges-weights": [0.9375193119049072, 0.8960309624671936, 0.895773708820343, 0.7799283266067505, 0.7552965879440308, 0.5368019938468933, 0.49273681640625, 0.40696361660957336, 0.38994431495666504, 0.38309231400489807, 0.2898961007595062, 0.25254806876182556, 0.2395675629377365, 0.20013412833213806, 0.18259133398532867, 0.159748375415802, 0.09057522565126419, 0.0791686549782753, 0.03902526944875717, 0.01658424735069275, 0.0047654700465500355, 0.003436262719333172, 0.0029080333188176155, 0.002436453476548195, 0.00230691977776587, 0.001539698801934719, 0.0014542463468387723, 0.0014406143454834819, 0.0007413123385049403, 0.0003156802849844098, 0.0002865064307115972, 0.00020997735555283725, 0.00016475867596454918, 0.00015011958021204919, 0.00010657592065399513, 8.89070361154154e-05, 7.342695607803762e-05, 7.000409823376685e-05, 6.29902133368887e-05, 5.626914935419336e-05, 4.968230859958567e-05, 2.0279308955650777e-05, 1.751927447912749e-05, 7.724476745352149e-06], "height": 512, "width": 512}