{"vertices": [[296.0129699707031, 126.86516571044922], [242.42881774902344, 273.5738525390625], [313.11773681640625, 107.01697540283203], [310.9843444824219, 284.72283935546875], [241.06382751464844, 432.1091003417969], [266.53729248046875, 108.00056457519531], [321.6963195800781, 265.7539367675781], [265.0483093261719, 253.80194091796875], [302.31658935546875, 265.0155944824219], [90.60857391357422, 306.9986267089844], [427.0177307128906, 183.02020263671875], [238.46963500976562, 245.73118591308594], [293.49664306640625, 294.3100280761719], [281.53729248046875, 252.82884216308594], [258.0621032714844, 289.9988098144531], [308.76348876953125, 226.4346160888672], [248.2532501220703, 228.54275512695312], [321.2578125, 245.33609008789062], [269.11285400390625, 216.9453887939453], [289.30059814453125, 216.5887451171875]], "vertices-score": [0.4547713100910187, 0.36967459321022034, 0.270827978849411, 0.23246610164642334, 0.21991485357284546, 0.1277807205915451, 0.07123623788356781, 0.06737068295478821, 0.057274237275123596, 0.05286889150738716, 0.050755102187395096, 0.04436476156115532, 0.03815440461039543, 0.029515434056520462, 0.02845374494791031, 0.023628229275345802, 0.01971551403403282, 0.0194637943059206, 0.01629735715687275, 0.012074568308889866], "edges": [[2, 10], [0, 2], [3, 8], [1, 11], [1, 14], [3, 6], [1, 7], [0, 5], [3, 12], [7, 13], [11, 16], [8, 13], [16, 18], [15, 17], [18, 19], [15, 19], [5, 9], [6, 17], [4, 9], [16, 19], [15, 18], [6, 12], [7, 8], [3, 17], [12, 14], [11, 18], [17, 19], [6, 15], [1, 13], [3, 13], [0, 17], [2, 17], [1, 16], [5, 19], [5, 15], [4, 14], [5, 18], [5, 11], [2, 15], [8, 15], [2, 5], [3, 14], [4, 7], [12, 13], [11, 14], [8, 19], [13, 14], [3, 7], [7, 12], [6, 14], [5, 7], [8, 14], [13, 15], [7, 16], [13, 17], [8, 12], [7, 18], [7, 19], [11, 12], [13, 19], [6, 19], [13, 18], [6, 8]], "edges-weights": [0.49972212314605713, 0.4801868200302124, 0.46894505620002747, 0.42598801851272583, 0.3978903591632843, 0.3960363268852234, 0.3860887289047241, 0.3842655420303345, 0.38146427273750305, 0.22124642133712769, 0.201421856880188, 0.18723604083061218, 0.13275115191936493, 0.13176098465919495, 0.12930472195148468, 0.12106980383396149, 0.08494798839092255, 0.06775019317865372, 0.05538569763302803, 0.01839396171271801, 0.014821458607912064, 0.008458615280687809, 0.007363703101873398, 0.006080636754631996, 0.005536815617233515, 0.004466013051569462, 0.004227781668305397, 0.0037163342349231243, 0.0019545729737728834, 0.001151688164100051, 0.0010909851407632232, 0.0009816342499107122, 0.0006922190077602863, 0.0006503614131361246, 0.0005383201059885323, 0.0004947470733895898, 0.0004809954552911222, 0.00045534392120316625, 0.0003691141027957201, 0.00030705437529832125, 0.00027527622296474874, 0.00023404965759254992, 0.00022609242296312004, 0.00021817338711116463, 0.0002180099836550653, 0.00017060530080925673, 0.00015323270054068416, 0.00012859015259891748, 0.00012776369112543762, 0.00012433878146111965, 0.0001206443557748571, 0.00010669103357940912, 9.524555935058743e-05, 9.49427776504308e-05, 9.260771912522614e-05, 6.856571417301893e-05, 6.475984264397994e-05, 6.0290640249149874e-05, 5.957288158242591e-05, 5.66191847610753e-05, 5.16698528372217e-05, 4.726451152237132e-05, 3.742342596524395e-05], "height": 512, "width": 512}