{"vertices": [[326.9994201660156, 148.80877685546875], [392.1620178222656, 157.1756591796875], [321.3500061035156, 109.10032653808594], [158.6674041748047, 174.77635192871094], [317.6736755371094, 381.2944030761719], [173.2991943359375, 89.65416717529297], [404.0002136230469, 203.0134735107422], [152.04078674316406, 368.7758483886719]], "vertices-score": [0.5160592198371887, 0.4436173737049103, 0.3873681128025055, 0.21672414243221283, 0.19861795008182526, 0.18796513974666595, 0.12572194635868073, 0.08666922152042389], "edges": [[0, 1], [0, 2], [3, 5], [1, 6], [4, 6], [2, 5], [3, 6], [3, 7], [4, 7], [1, 2]], "edges-weights": [0.6540235280990601, 0.5648547410964966, 0.447980135679245, 0.439383864402771, 0.3139262795448303, 0.28328046202659607, 0.1938224732875824, 0.16826236248016357, 0.11071934551000595, 0.00035111545003019273], "height": 512, "width": 512}