{"vertices": [[402.71221923828125, 244.8018798828125], [428.9192199707031, 252.34690856933594], [318.00579833984375, 145.2183074951172], [400.02484130859375, 184.00796508789062], [92.00239562988281, 313.0442810058594], [432.0001525878906, 310.4300537109375], [96.20308685302734, 205.7358856201172], [196.98048400878906, 306.9930419921875]], "vertices-score": [0.7713916301727295, 0.7298792004585266, 0.36157965660095215, 0.3319951295852661, 0.30560094118118286, 0.22097286581993103, 0.1670660674571991, 0.014857129193842411], "edges": [[0, 1], [0, 3], [1, 5], [2, 3], [4, 6], [2, 6], [4, 7], [0, 5], [5, 7], [1, 3], [2, 7]], "edges-weights": [0.8434597849845886, 0.8294009566307068, 0.6846871972084045, 0.639238715171814, 0.5785121321678162, 0.25499576330184937, 0.10475682467222214, 0.0005900169489905238, 0.0002613044052850455, 0.00021121266763657331, 0.00014780463243369013], "height": 512, "width": 512}