{"vertices": [[73.73023986816406, 213.05226135253906], [408.83148193359375, 245.41522216796875], [355.00299072265625, 324.000244140625], [413.74102783203125, 233.0545654296875], [340.8214416503906, 417.96075439453125], [95.02230834960938, 302.41400146484375], [162.03628540039062, 155.0106201171875], [403.0063781738281, 281.150146484375], [422.4600830078125, 250.82147216796875], [412.6339111328125, 293.0561218261719], [196.9594268798828, 229.67111206054688], [201.46678161621094, 213.58168029785156], [280.8412170410156, 229.08673095703125], [201.83258056640625, 237.1584930419922], [265.7190856933594, 205.1940155029297], [273.55615234375, 238.13449096679688], [217.35800170898438, 245.8175506591797], [216.9931182861328, 204.08958435058594], [261.4625244140625, 245.060302734375]], "vertices-score": [0.48146510124206543, 0.4307573735713959, 0.4136349558830261, 0.38559189438819885, 0.19282355904579163, 0.19109636545181274, 0.18351712822914124, 0.09812628477811813, 0.09128206968307495, 0.06700993329286575, 0.02880074642598629, 0.027750475332140923, 0.023841263726353645, 0.020650381222367287, 0.017877893522381783, 0.01717548631131649, 0.013459878042340279, 0.010062134824693203, 0.008196773938834667], "edges": [[2, 3], [0, 5], [1, 2], [0, 6], [8, 9], [1, 3], [4, 9], [12, 15], [10, 11], [0, 2], [10, 16], [3, 7], [13, 16], [7, 8], [4, 5], [11, 17], [10, 13], [1, 7], [12, 18], [1, 8], [11, 13], [15, 18], [16, 18], [14, 17], [12, 14], [10, 17], [1, 9], [2, 4], [3, 8], [7, 9], [3, 14], [0, 10], [4, 8], [13, 18], [6, 14], [4, 7], [3, 12], [5, 11], [0, 13], [5, 16], [5, 10], [0, 16], [0, 11], [5, 13], [2, 9], [2, 7], [14, 15], [10, 12], [16, 17], [2, 8], [14, 16], [14, 18], [13, 14], [17, 18], [10, 14], [11, 18], [12, 13]], "edges-weights": [0.8724232912063599, 0.5635022521018982, 0.4926660358905792, 0.4405733346939087, 0.30303505063056946, 0.23879016935825348, 0.2232103943824768, 0.2046041339635849, 0.20089294016361237, 0.19304542243480682, 0.16816410422325134, 0.16267047822475433, 0.15956048667430878, 0.13554605841636658, 0.12807534635066986, 0.11409539729356766, 0.0900820940732956, 0.08582541346549988, 0.07162851095199585, 0.07025932520627975, 0.06485440582036972, 0.04884874075651169, 0.037650249898433685, 0.009586453437805176, 0.0072598764672875404, 0.005336200352758169, 0.005054640583693981, 0.004646747838705778, 0.002385788131505251, 0.0010038386099040508, 0.0007570072775706649, 0.0006233018939383328, 0.0005156415281817317, 0.0005108645418658853, 0.00048514240188524127, 0.0004560958477668464, 0.0004394229908939451, 0.0004007669340353459, 0.00039823853876441717, 0.0003229736757930368, 0.00030190657707862556, 0.0002713710709940642, 0.00022145375260151923, 0.0002132853405782953, 0.0002088619803544134, 0.00010900921188294888, 0.00010581048263702542, 8.438598160864785e-05, 7.737361738691106e-05, 7.737080886727199e-05, 4.443924262886867e-05, 4.3846033804584295e-05, 4.206481753499247e-05, 3.415795072214678e-05, 3.151591226924211e-05, 3.141092383884825e-05, 3.1385148759e-05], "height": 512, "width": 512}