{"vertices": [[360.6470947265625, 258.1528625488281], [404.9740295410156, 269.4764099121094], [406.7151794433594, 248.1376953125], [411.021484375, 212.0148162841797], [415.0126647949219, 301.766357421875], [77.77959442138672, 204.5240936279297], [90.13518524169922, 311.0100402832031], [420.74444580078125, 252.00291442871094], [351.0162353515625, 391.0123596191406], [165.1643524169922, 176.359130859375], [197.91200256347656, 209.56781005859375], [281.932861328125, 209.48336791992188]], "vertices-score": [0.7154372334480286, 0.5717242956161499, 0.4852515459060669, 0.47085925936698914, 0.4645187258720398, 0.3316161334514618, 0.2068934589624405, 0.18621189892292023, 0.09951100498437881, 0.07792079448699951, 0.03677402064204216, 0.027658209204673767], "edges": [[0, 3], [4, 8], [2, 3], [1, 2], [4, 7], [5, 6], [1, 3], [1, 7], [0, 5], [5, 9], [6, 8], [2, 7], [0, 1], [0, 11], [0, 4], [5, 10], [3, 11], [0, 10], [2, 4], [1, 4], [0, 7], [0, 2], [6, 10], [6, 11], [9, 11], [1, 8], [6, 9], [2, 8]], "edges-weights": [0.8999911546707153, 0.8395330309867859, 0.6175348162651062, 0.6040381193161011, 0.5966053605079651, 0.5134887099266052, 0.41305261850357056, 0.39138174057006836, 0.3117070496082306, 0.2726365923881531, 0.1900707334280014, 0.18742278218269348, 0.010166581720113754, 0.0029986610170453787, 0.0017688770312815905, 0.0013122577220201492, 0.000885801506228745, 0.0008262520423159003, 0.0005913825007155538, 0.00046625593677163124, 0.0003539526369422674, 0.00032855579047463834, 0.0002747864054981619, 0.00024629858671687543, 0.0001729210780467838, 0.00015153732965700328, 0.00012530272942967713, 3.6092988011660054e-05], "height": 512, "width": 512}