{"vertices": [[413.57452392578125, 317.5937194824219], [442.4429931640625, 249.0934600830078], [128.58819580078125, 350.25689697265625], [149.95291137695312, 409.1698913574219], [306.6938171386719, 229.24746704101562], [96.00834655761719, 228.0279541015625], [370.9888610839844, 154.9961395263672], [308.1043701171875, 249.5473175048828], [269.2720642089844, 274.33941650390625], [245.18727111816406, 269.7994079589844], [289.24420166015625, 269.0932922363281], [289.25054931640625, 213.2539825439453], [265.49578857421875, 208.02723693847656], [241.63124084472656, 214.15782165527344], [225.0153350830078, 249.8620147705078], [300.78692626953125, 260.958740234375], [230.6135711669922, 222.20724487304688], [222.76019287109375, 241.3279266357422], [296.9613037109375, 218.18246459960938]], "vertices-score": [0.4818238914012909, 0.4297007918357849, 0.3898681700229645, 0.37447065114974976, 0.04660775884985924, 0.044105518609285355, 0.041837237775325775, 0.03507060930132866, 0.02703171782195568, 0.023537136614322662, 0.022305546328425407, 0.016912629827857018, 0.016337065026164055, 0.014490635134279728, 0.014012635685503483, 0.013601444661617279, 0.01220564916729927, 0.011878922581672668, 0.00890398770570755], "edges": [[0, 1], [2, 3], [4, 7], [1, 6], [16, 17], [4, 11], [12, 13], [7, 10], [9, 14], [11, 12], [8, 9], [2, 5], [14, 16], [4, 18], [0, 3], [12, 16], [8, 10], [7, 15], [14, 17], [12, 18], [8, 15], [13, 16], [10, 15], [13, 17], [11, 18], [9, 17], [9, 10], [4, 15], [7, 18], [11, 13], [6, 15], [6, 7], [4, 12], [7, 8], [0, 11], [6, 12], [6, 11], [4, 6], [6, 18], [6, 13], [3, 15], [4, 14], [9, 15], [3, 8], [7, 11], [9, 18], [15, 18], [4, 10], [9, 11], [14, 18], [8, 12], [8, 11], [10, 11], [9, 12], [10, 16], [8, 18], [10, 12], [11, 14], [10, 17], [10, 18], [8, 13], [9, 13], [12, 14], [17, 18], [11, 17]], "edges-weights": [0.6717929244041443, 0.5250900387763977, 0.3264584541320801, 0.30471906065940857, 0.2291925996541977, 0.194863423705101, 0.16501158475875854, 0.16433443129062653, 0.15351177752017975, 0.15342606604099274, 0.14403748512268066, 0.1410551220178604, 0.1398506462574005, 0.1397765576839447, 0.13689272105693817, 0.1256427764892578, 0.10792215168476105, 0.10047068446874619, 0.09704460948705673, 0.08699508011341095, 0.06985435634851456, 0.06064217910170555, 0.05648651719093323, 0.03663836792111397, 0.03250521048903465, 0.03111729770898819, 0.01130723301321268, 0.010512199252843857, 0.007914858870208263, 0.00719681940972805, 0.002817990258336067, 0.0020357060711830854, 0.001864789635874331, 0.0012907326454296708, 0.0009676458430476487, 0.0005509034963324666, 0.0005086517776362598, 0.0004487977421376854, 0.00040394222014583647, 0.0004002812784165144, 0.0003053413820452988, 0.00013655201473738998, 0.00013046053936704993, 0.00011642425670288503, 8.33519734442234e-05, 7.471315620932728e-05, 7.344236655626446e-05, 6.734981434419751e-05, 5.526654786081053e-05, 5.114598388900049e-05, 4.975893170922063e-05, 4.445225204108283e-05, 4.122037717024796e-05, 3.672394814202562e-05, 3.6403198464540765e-05, 3.528026718413457e-05, 3.10345712932758e-05, 2.462708653183654e-05, 2.456028960295953e-05, 2.3068991140462458e-05, 2.244680217700079e-05, 2.038214552158024e-05, 1.9138531570206396e-05, 1.618339774722699e-05, 1.0838697562576272e-05], "height": 512, "width": 512}