{"vertices": [[392.98504638671875, 221.0296630859375], [101.44908142089844, 322.15655517578125], [431.0191345214844, 236.78848266601562], [280.81854248046875, 246.5931396484375], [437.8232116699219, 295.0204162597656], [277.86517333984375, 108.06015014648438], [388.0000915527344, 164.1190948486328], [110.82604217529297, 224.00242614746094], [241.67613220214844, 345.2926025390625]], "vertices-score": [0.7823507189750671, 0.4045701324939728, 0.3766162395477295, 0.35884279012680054, 0.17423178255558014, 0.15186548233032227, 0.1440971940755844, 0.12456981837749481, 0.030040452256798744], "edges": [[0, 2], [1, 7], [0, 6], [3, 4], [5, 6], [2, 4], [5, 7], [1, 3], [1, 8], [4, 8], [3, 5], [3, 6]], "edges-weights": [0.7264404296875, 0.6868438124656677, 0.6123868823051453, 0.5875585079193115, 0.5467370748519897, 0.47879186272621155, 0.39198723435401917, 0.2720089554786682, 0.09306338429450989, 0.07718061655759811, 0.047338444739580154, 0.0012194918235763907], "height": 512, "width": 512}