{"vertices": [[441.1778259277344, 234.8413543701172], [417.5197448730469, 322.9261474609375], [97.93025970458984, 217.8145294189453], [121.57286834716797, 315.0228576660156], [142.98379516601562, 404.0259094238281], [368.009033203125, 163.00611877441406], [309.0126647949219, 229.23565673828125], [297.09002685546875, 245.59144592285156], [222.2615509033203, 225.43470764160156], [305.9152526855469, 237.60675048828125], [229.38201904296875, 241.48471069335938], [226.15139770507812, 217.64779663085938], [301.36334228515625, 213.49351501464844], [245.18801879882812, 250.40579223632812], [281.5582275390625, 252.1709747314453], [237.09776306152344, 208.7671661376953], [245.4857940673828, 205.28733825683594]], "vertices-score": [0.35383880138397217, 0.33291274309158325, 0.25560393929481506, 0.17719148099422455, 0.12132712453603745, 0.06113845109939575, 0.03125271201133728, 0.022849764674901962, 0.021120062097907066, 0.01978934556245804, 0.017983514815568924, 0.015047901310026646, 0.010301818139851093, 0.009820866398513317, 0.008948097936809063, 0.008602655492722988, 0.008122049272060394], "edges": [[0, 1], [2, 3], [3, 4], [0, 5], [8, 10], [6, 7], [6, 12], [6, 9], [7, 9], [1, 4], [10, 13], [8, 15], [11, 16], [13, 14], [10, 11], [8, 11], [8, 16], [9, 14], [15, 16], [11, 15], [7, 14], [6, 14], [8, 13], [9, 12], [7, 13], [12, 16], [5, 9], [5, 6], [0, 12], [2, 15], [4, 6], [2, 16], [0, 14], [5, 12], [4, 13], [5, 14], [7, 12], [0, 15], [13, 16], [10, 12], [12, 13], [12, 14], [6, 10], [13, 15]], "edges-weights": [0.7219684720039368, 0.5491167902946472, 0.39648282527923584, 0.27081194519996643, 0.2554728388786316, 0.23639251291751862, 0.19528916478157043, 0.16561031341552734, 0.16266119480133057, 0.15203481912612915, 0.10576625913381577, 0.10537876933813095, 0.1043386459350586, 0.09096143394708633, 0.07857193052768707, 0.07486286014318466, 0.074581079185009, 0.07073535770177841, 0.06659921258687973, 0.06089799851179123, 0.05793570727109909, 0.029730692505836487, 0.01604223996400833, 0.012694625183939934, 0.005604946985840797, 0.0027469911146909, 0.0022326188627630472, 0.0015280029037967324, 0.0008907774463295937, 0.0006364398286677897, 0.0005937013775110245, 0.0005175670958124101, 0.0004449949774425477, 0.00039395547355525196, 0.00021513024694286287, 0.00013455840235110372, 0.0001121851964853704, 8.45954564283602e-05, 5.665364005835727e-05, 3.179769919370301e-05, 3.1240291718859226e-05, 3.0687155231134966e-05, 3.017092421941925e-05, 2.5709590772748925e-05], "height": 512, "width": 512}