{"vertices": [[293.5285339355469, 286.5918273925781], [225.4776611328125, 294.9850158691406], [129.91107177734375, 292.2266845703125], [173.9991912841797, 193.53890991210938], [174.26751708984375, 239.00997924804688], [429.8416748046875, 205.4683074951172], [128.00828552246094, 244.00027465820312], [226.3624725341797, 370.3167724609375], [423.0257263183594, 334.9324035644531], [297.16424560546875, 212.03067016601562], [245.114990234375, 202.2303924560547]], "vertices-score": [0.8655175566673279, 0.7756494879722595, 0.4253321886062622, 0.4109713137149811, 0.3695617616176605, 0.34179651737213135, 0.2496119737625122, 0.15034784376621246, 0.10420455038547516, 0.01593184843659401, 0.01187808346003294], "edges": [[0, 1], [0, 4], [1, 6], [5, 8], [2, 7], [3, 4], [2, 6], [4, 6], [7, 8], [3, 10], [3, 9], [5, 9], [9, 10], [1, 7], [5, 10], [0, 5], [1, 10], [1, 4], [4, 10], [1, 9], [1, 2], [0, 6], [4, 9], [0, 10]], "edges-weights": [0.965654730796814, 0.9426290988922119, 0.8914186954498291, 0.7037625908851624, 0.6181042790412903, 0.5948105454444885, 0.5450400710105896, 0.3703433573246002, 0.1328582912683487, 0.1006738469004631, 0.0662263035774231, 0.06348852068185806, 0.03727016597986221, 0.0007147861761040986, 0.000664633815176785, 0.0002868803567253053, 0.00013076681352686137, 9.258722275262699e-05, 6.82418467476964e-05, 6.764286808902398e-05, 3.0408709790208377e-05, 2.2564610844710842e-05, 1.4651616766059306e-05, 1.4253876543079969e-05], "height": 512, "width": 512}