{"vertices": [[196.77638244628906, 234.83274841308594], [264.0008544921875, 244.81088256835938], [292.8112487792969, 429.07171630859375], [245.0691680908203, 260.1580810546875], [112.72265625, 370.92596435546875], [206.98532104492188, 252.8679656982422], [416.0873107910156, 168.0026092529297], [209.50035095214844, 85.80306243896484], [245.4881591796875, 228.97369384765625], [184.79640197753906, 253.7749786376953], [225.18930053710938, 224.00503540039062], [269.2945251464844, 265.5150451660156], [221.62353515625, 261.74127197265625], [265.4526672363281, 281.5727233886719]], "vertices-score": [0.3487096130847931, 0.28459465503692627, 0.09425349533557892, 0.09367067366838455, 0.0804477259516716, 0.07170776277780533, 0.07170195132493973, 0.06493836641311646, 0.057196930050849915, 0.04534011334180832, 0.04349421337246895, 0.02167275734245777, 0.01810011826455593, 0.0125707583501935], "edges": [[0, 5], [1, 3], [1, 8], [0, 10], [0, 9], [1, 11], [2, 6], [2, 4], [11, 13], [8, 10], [3, 12], [6, 7], [5, 12], [1, 13], [0, 12], [1, 10], [3, 5], [1, 12], [0, 8], [11, 12], [10, 12], [4, 12], [8, 12], [3, 8], [3, 10], [5, 8], [10, 11], [0, 4], [3, 11], [5, 9], [7, 12], [7, 9], [4, 9], [4, 5]], "edges-weights": [0.5175594091415405, 0.4670686721801758, 0.4518626928329468, 0.40716758370399475, 0.40371137857437134, 0.3803252875804901, 0.26452308893203735, 0.1700756698846817, 0.13550347089767456, 0.12125638127326965, 0.11003627628087997, 0.10238377749919891, 0.07041747123003006, 0.040225569158792496, 0.030678002163767815, 0.01800490729510784, 0.014807665720582008, 0.002207088517025113, 0.0021633326541632414, 0.0014222465688362718, 0.0007884827791713178, 0.0005952396895736456, 0.0005348814884200692, 0.0004900242784060538, 0.0004754086257889867, 0.00014513531641568989, 0.0001408742245985195, 0.00012418674305081367, 0.00010244462464470416, 9.063215111382306e-05, 4.906729009235278e-05, 1.859055191744119e-05, 1.7375698007526807e-05, 1.4662897228845395e-05], "height": 512, "width": 512}