{"vertices": [[394.2344970703125, 228.18618774414062], [389.9548645019531, 168.84373474121094], [436.8538513183594, 301.00030517578125], [432.0000915527344, 241.4058074951172], [101.957763671875, 319.0136413574219], [282.37799072265625, 265.106689453125], [109.09075927734375, 218.9470977783203], [280.8988037109375, 120.00023651123047], [272.2210998535156, 306.5926513671875]], "vertices-score": [0.6967908143997192, 0.44017723202705383, 0.35579991340637207, 0.29760846495628357, 0.22371435165405273, 0.20991544425487518, 0.1486625224351883, 0.09508887678384781, 0.012474188581109047], "edges": [[0, 3], [4, 6], [0, 1], [2, 5], [1, 7], [2, 3], [4, 5], [6, 7], [5, 8], [1, 5], [0, 2], [2, 8], [4, 8]], "edges-weights": [0.7570701837539673, 0.6883680820465088, 0.6442714333534241, 0.5651429295539856, 0.5192915201187134, 0.47183749079704285, 0.34975776076316833, 0.3002330958843231, 0.0008237891015596688, 0.00022578310745302588, 0.00021634716540575027, 0.00019358974532224238, 1.2451805559976492e-05], "height": 512, "width": 512}