{"vertices": [[82.96873474121094, 265.1072692871094], [430.77197265625, 267.0001220703125], [412.962890625, 154.84986877441406], [381.0332946777344, 339.0115661621094], [127.01764678955078, 338.5550842285156], [100.06129455566406, 152.00082397460938]], "vertices-score": [0.31227415800094604, 0.21990695595741272, 0.18617253005504608, 0.15061400830745697, 0.12409964948892593, 0.05358858034014702], "edges": [[1, 2], [0, 5], [1, 3], [0, 4], [2, 5], [3, 4]], "edges-weights": [0.6333978772163391, 0.6137774586677551, 0.4973055124282837, 0.3885594308376312, 0.11631074547767639, 0.044135019183158875], "height": 512, "width": 512}