{"vertices": [[336.83795166015625, 136.9618377685547], [329.3434143066406, 112.05282592773438], [410.999755859375, 181.8867950439453], [396.7977294921875, 151.0120391845703], [180.00015258789062, 129.35971069335938], [192.84454345703125, 79.01605987548828], [136.00411987304688, 376.00347900390625], [308.0115661621094, 404.0033264160156]], "vertices-score": [0.7253376245498657, 0.40803998708724976, 0.30078646540641785, 0.18734654784202576, 0.16812068223953247, 0.11436907947063446, 0.07237318903207779, 0.05461014434695244], "edges": [[0, 1], [0, 3], [2, 3], [4, 5], [1, 5], [2, 7], [2, 4], [6, 7], [4, 6], [5, 6], [1, 3], [0, 2], [3, 7], [1, 2]], "edges-weights": [0.7105074524879456, 0.6802732348442078, 0.2812374234199524, 0.2588375508785248, 0.2412373423576355, 0.20363904535770416, 0.1649898737668991, 0.12116285413503647, 0.09677430242300034, 0.028183721005916595, 0.00013506859249901026, 8.131133654387668e-05, 7.786940113874152e-05, 7.896730494394433e-06], "height": 512, "width": 512}