{"vertices": [[179.010009765625, 288.0101013183594], [184.00006103515625, 344.1849670410156], [116.00154113769531, 338.0494689941406], [221.46371459960938, 189.88661193847656], [241.11619567871094, 148.0408172607422], [124.9654312133789, 388.0030212402344], [196.90521240234375, 188.9660186767578], [342.5423278808594, 412.0002136230469], [355.034912109375, 303.02777099609375], [354.99871826171875, 154.5872802734375], [326.40948486328125, 209.5098114013672], [244.9454803466797, 213.4851531982422], [245.58375549316406, 201.36474609375], [317.1439208984375, 221.27322387695312], [285.24700927734375, 189.3510284423828], [265.5125427246094, 225.56346130371094], [314.0431823730469, 196.02101135253906], [261.2091064453125, 192.56723022460938]], "vertices-score": [0.5640583634376526, 0.5426777005195618, 0.46882179379463196, 0.4155367314815521, 0.21408449113368988, 0.20775888860225677, 0.19809550046920776, 0.13253402709960938, 0.11293785274028778, 0.07465536147356033, 0.05243918299674988, 0.020321432501077652, 0.017397651448845863, 0.016829615458846092, 0.014311756007373333, 0.009156950749456882, 0.008933592587709427, 0.00812274869531393], "edges": [[0, 1], [1, 2], [0, 8], [7, 8], [3, 4], [2, 5], [4, 9], [10, 16], [10, 13], [3, 6], [8, 9], [5, 7], [11, 15], [11, 12], [14, 16], [12, 17], [12, 14], [14, 17], [2, 6], [3, 11], [3, 12], [16, 17], [13, 15], [6, 12], [0, 3], [3, 17], [0, 6], [4, 17], [4, 14], [6, 15], [6, 11], [12, 15], [4, 11], [0, 2], [9, 10], [8, 10], [8, 13], [10, 14], [9, 17], [9, 14], [9, 16], [1, 8], [13, 16], [14, 15], [15, 16]], "edges-weights": [0.9698132276535034, 0.8864166736602783, 0.8368856906890869, 0.6960281133651733, 0.40212029218673706, 0.39344173669815063, 0.26831701397895813, 0.26789960265159607, 0.2437228262424469, 0.18295393884181976, 0.17920991778373718, 0.114540234208107, 0.11199916154146194, 0.10122926533222198, 0.10044840723276138, 0.08925078064203262, 0.08837203681468964, 0.0749569982290268, 0.06373315304517746, 0.05829159542918205, 0.05260324105620384, 0.010432373732328415, 0.006739810109138489, 0.006717543117702007, 0.003926977049559355, 0.0031032958067953587, 0.002416998380795121, 0.0015762667171657085, 0.0015723372343927622, 0.001531872316263616, 0.00140796834602952, 0.0013368037762120366, 0.0013078346382826567, 0.0011758574983105063, 0.0011606053449213505, 0.0010429363464936614, 0.0008869763114489615, 0.0007427799282595515, 0.00034999073250219226, 0.00028003071201965213, 0.00021591481345240027, 0.00018787138105835766, 7.339761941693723e-05, 1.9676774172694422e-05, 8.065235306276008e-06], "height": 512, "width": 512}