{"vertices": [[188.00125122070312, 284.17352294921875], [116.00996398925781, 283.00213623046875], [364.0162048339844, 212.7520294189453], [186.42860412597656, 210.99114990234375], [187.0105438232422, 239.00949096679688], [119.01626586914062, 353.01287841796875], [360.0002136230469, 361.0503234863281], [249.08441162109375, 199.00259399414062], [345.1230773925781, 192.006591796875], [318.8293151855469, 200.00253295898438], [233.94442749023438, 192.0013885498047]], "vertices-score": [0.7004825472831726, 0.4211463928222656, 0.2983896732330322, 0.2772388756275177, 0.2734007239341736, 0.24494415521621704, 0.17314200103282928, 0.10310667753219604, 0.08320269733667374, 0.06622191518545151, 0.045088160783052444], "edges": [[0, 1], [0, 4], [2, 3], [2, 6], [1, 5], [7, 9], [1, 4], [3, 10], [3, 4], [2, 8], [5, 6], [8, 9], [7, 10], [9, 10], [8, 10], [7, 8], [3, 8], [3, 7], [3, 9], [2, 10], [2, 9], [0, 9], [2, 7], [6, 9], [0, 10]], "edges-weights": [0.8291828036308289, 0.8254907131195068, 0.6095373034477234, 0.561055064201355, 0.5067479014396667, 0.4602261185646057, 0.4573611319065094, 0.3564879298210144, 0.29526838660240173, 0.22251184284687042, 0.07554272562265396, 0.02970641665160656, 0.006459810305386782, 0.006044475827366114, 0.005387553479522467, 0.004384247120469809, 0.0023244163021445274, 0.0005383514217101038, 0.00031776924151927233, 0.00024186891096178442, 0.00018715015903580934, 6.11817158642225e-05, 5.749128831666894e-05, 4.3953587010037154e-05, 3.5171960917068645e-05], "height": 512, "width": 512}