{"vertices": [[286.5083312988281, 233.11166381835938], [108.00020599365234, 349.8387145996094], [224.61888122558594, 233.38523864746094], [96.75048065185547, 276.7733459472656], [112.00062561035156, 292.1349792480469], [404.0143127441406, 348.7817687988281], [399.0180358886719, 292.00006103515625], [414.61651611328125, 276.0001220703125], [265.14691162109375, 245.11305236816406], [296.85906982421875, 213.2870330810547], [245.21617126464844, 245.04769897460938], [269.0187072753906, 218.69024658203125], [241.9897003173828, 218.06727600097656], [401.7490234375, 144.00076293945312], [108.18478393554688, 144.81825256347656], [213.5711212158203, 213.38006591796875], [121.62120056152344, 358.9971618652344], [288.68719482421875, 185.82638549804688], [225.3526611328125, 181.72584533691406], [293.7684326171875, 193.56301879882812], [273.297119140625, 174.01229858398438], [241.15426635742188, 172.45791625976562], [389.69000244140625, 358.328125]], "vertices-score": [0.6826289296150208, 0.3788422644138336, 0.36420997977256775, 0.35846978425979614, 0.3095928430557251, 0.28465309739112854, 0.2545119822025299, 0.21715597808361053, 0.19435708224773407, 0.1848512440919876, 0.12685756385326385, 0.08636458963155746, 0.07730310410261154, 0.07117176800966263, 0.06421833485364914, 0.063228078186512, 0.01992618665099144, 0.01588933728635311, 0.014755223877727985, 0.01461553294211626, 0.014332152903079987, 0.014204451814293861, 0.013239724561572075], "edges": [[0, 9], [0, 8], [4, 6], [0, 11], [1, 5], [2, 10], [2, 12], [7, 13], [6, 7], [3, 14], [2, 15], [3, 4], [5, 6], [1, 4], [8, 10], [11, 12], [20, 21], [3, 7], [1, 16], [9, 19], [17, 20], [9, 17], [19, 20], [5, 22], [17, 19], [18, 21], [15, 18], [16, 22], [2, 8], [5, 16], [9, 12], [1, 22], [2, 17], [6, 22], [0, 19], [18, 20], [9, 20], [11, 19], [2, 11], [2, 20], [15, 21], [11, 20], [13, 20], [0, 12], [13, 17], [6, 13], [10, 11], [1, 3], [12, 19], [8, 11], [11, 17], [12, 17], [12, 20], [9, 11], [5, 7], [4, 7], [12, 18], [12, 15], [15, 20], [15, 17], [0, 20]], "edges-weights": [0.6516256928443909, 0.6308992505073547, 0.6308072209358215, 0.6208248138427734, 0.5841470956802368, 0.5767486095428467, 0.5188471078872681, 0.48338040709495544, 0.46118566393852234, 0.45905575156211853, 0.44051018357276917, 0.4235790967941284, 0.4038834273815155, 0.37908005714416504, 0.2803706228733063, 0.22087332606315613, 0.16885212063789368, 0.16192626953125, 0.16086526215076447, 0.14123013615608215, 0.13088473677635193, 0.12429851293563843, 0.08887167274951935, 0.08218682557344437, 0.07299414277076721, 0.0674658864736557, 0.06139926239848137, 0.023540424183011055, 0.008128782734274864, 0.007504988927394152, 0.003911470528692007, 0.003345923498272896, 0.0016143487300723791, 0.0016087634721770883, 0.001383500057272613, 0.0010776207782328129, 0.0009596692398190498, 0.0006525645731016994, 0.0005365133401937783, 0.00046877001295797527, 0.0004573946353048086, 0.0003910591476596892, 0.0003474575642030686, 0.0003419641579966992, 0.00033485269523225725, 0.0003210457507520914, 0.000286861730273813, 0.0002787443809211254, 0.00027849816251546144, 0.0002290900010848418, 0.0002269933611387387, 0.00021082133753225207, 0.00014261016622185707, 0.0001113038815674372, 9.250947914551944e-05, 9.210089046973735e-05, 6.06485664320644e-05, 5.29854696651455e-05, 4.807494769920595e-05, 4.2998624849133193e-05, 3.792171264649369e-05], "height": 512, "width": 512}