{"vertices": [[155.003662109375, 234.99742126464844], [330.2655944824219, 229.01657104492188], [272.0054626464844, 316.0473327636719], [112.94088745117188, 292.7200927734375], [327.0018310546875, 300.0001525878906], [109.56327819824219, 242.95814514160156], [426.175048828125, 328.6916809082031], [436.0040283203125, 209.1958770751953], [153.36900329589844, 188.00018310546875], [241.48304748535156, 197.52195739746094], [314.36895751953125, 198.29505920410156], [270.9527893066406, 387.0192565917969]], "vertices-score": [0.49476516246795654, 0.4659986197948456, 0.4305608570575714, 0.4152747690677643, 0.41395723819732666, 0.39010611176490784, 0.28972354531288147, 0.21473328769207, 0.18746580183506012, 0.09231429547071457, 0.05277906730771065, 0.027798213064670563], "edges": [[2, 4], [0, 4], [2, 5], [1, 7], [1, 8], [6, 7], [0, 8], [3, 5], [3, 11], [6, 11], [0, 5], [8, 9], [4, 6], [7, 10], [9, 11], [1, 4], [1, 9], [1, 10], [2, 9], [5, 8], [9, 10], [2, 11], [7, 9], [8, 11], [0, 2], [2, 8], [1, 2], [4, 10], [0, 3], [2, 10], [2, 3], [4, 11], [0, 1]], "edges-weights": [0.9579615592956543, 0.9273138642311096, 0.8775147199630737, 0.7442259192466736, 0.6948263049125671, 0.6615691184997559, 0.5609056353569031, 0.505350649356842, 0.48855531215667725, 0.46714672446250916, 0.4095494747161865, 0.004859063308686018, 0.004016118124127388, 0.002118054311722517, 0.0016006625955924392, 0.001293689594604075, 0.0005612765089608729, 0.0005466071888804436, 0.000508277618791908, 0.00032502596150152385, 0.00026135522057302296, 0.00021633932192344218, 0.00019377014541532844, 0.0001498355413787067, 0.00012889437493868172, 0.00012519895972218364, 0.00010927721450570971, 0.00010509501589694992, 7.223746797535568e-05, 5.8855919633060694e-05, 5.875257193110883e-05, 4.946083572576754e-05, 1.2418553524184972e-05], "height": 512, "width": 512}