{"vertices": [[364.00390625, 248.00491333007812], [364.4906921386719, 200.0001220703125], [408.7783203125, 252.0022430419922], [81.03761291503906, 318.8592834472656], [77.70820617675781, 198.99388122558594], [408.0003967285156, 303.0118713378906], [168.2253875732422, 272.0000305175781], [217.0925750732422, 356.2754211425781], [217.38479614257812, 279.0169982910156]], "vertices-score": [0.3499644100666046, 0.29852381348609924, 0.217123880982399, 0.18193645775318146, 0.1481657326221466, 0.12466888129711151, 0.08254330605268478, 0.08115947246551514, 0.05338698998093605], "edges": [[0, 1], [0, 6], [3, 4], [2, 5], [3, 7], [6, 8], [0, 2], [5, 7], [1, 4], [2, 8], [2, 6], [0, 8], [1, 2], [0, 5], [1, 8], [2, 7]], "edges-weights": [0.8011856079101562, 0.6362755298614502, 0.6218307614326477, 0.4708588123321533, 0.40453431010246277, 0.32036176323890686, 0.255337655544281, 0.21829615533351898, 0.21276287734508514, 0.19924694299697876, 0.01226284634321928, 0.0033208962995558977, 0.0004387370136100799, 0.00020163145381957293, 9.5295712526422e-05, 3.22505620715674e-05], "height": 512, "width": 512}