{"vertices": [[180.79576110839844, 230.3270263671875], [108.0929946899414, 305.2315673828125], [357.0714416503906, 302.5538024902344], [111.00828552246094, 232.9404296875], [353.0208740234375, 152.74069213867188], [182.77198791503906, 160.0225067138672], [348.8857116699219, 317.00146484375], [248.09767150878906, 313.7166748046875]], "vertices-score": [0.7626411318778992, 0.3860331177711487, 0.2371383011341095, 0.21768955886363983, 0.18104520440101624, 0.17962460219860077, 0.09231196343898773, 0.012868368066847324], "edges": [[0, 3], [0, 5], [1, 3], [1, 2], [2, 4], [4, 5], [2, 6], [6, 7], [2, 7], [1, 7], [4, 6], [5, 7], [4, 7]], "edges-weights": [0.7293945550918579, 0.717292845249176, 0.5921687483787537, 0.3500813841819763, 0.2846332788467407, 0.2770668864250183, 0.15962034463882446, 0.0625658705830574, 0.04477766156196594, 0.0006403435254469514, 0.0004251205828040838, 0.00015423257718794048, 0.00015183063806034625], "height": 512, "width": 512}